timestamp,action,component,path,status,details
2025-05-18 13:10:46,INFO,BUILD,"/home/john/Documents/GitHub/TM-SGNL-Android/app/build.gradle.kts","CHECKING",""
2025-05-18 13:10:46,INFO,BUILD,"/home/john/Documents/GitHub/TM-SGNL-Android/app/build.gradle.kts","UNCHANGED","No dependencies found"
2025-05-18 13:10:46,INFO,BUILD,"/home/john/Documents/GitHub/TM-SGNL-Android/build.gradle.kts","CHECKING",""
2025-05-18 13:10:46,INFO,BUILD,"/home/john/Documents/GitHub/TM-SGNL-Android/build.gradle.kts","UNCHANGED","No dependencies found"
2025-05-18 13:10:46,INFO,BUILD,"/home/john/Documents/GitHub/TM-SGNL-Android/settings.gradle.kts","CHECKING",""
2025-05-18 13:10:46,INFO,BUILD,"/home/john/Documents/GitHub/TM-SGNL-Android/settings.gradle.kts","UNCHANGED","No dependencies found"
2025-05-18 13:10:46,INFO,SOURCE,"app/src/tm/java/org/archiver","NOT_FOUND",""
2025-05-18 13:10:46,INFO,UI,"/home/john/Documents/GitHub/TM-SGNL-Android/app/src/instrumentation/res/values/strings.xml","MODIFIED","Removed TeleMessage strings"
2025-05-18 13:10:46,INFO,UI,"/home/john/Documents/GitHub/TM-SGNL-Android/app/src/main/res/values-af/strings.xml","MODIFIED","Removed TeleMessage strings"
2025-05-18 13:10:46,INFO,UI,"/home/john/Documents/GitHub/TM-SGNL-Android/app/src/main/res/values-ar/strings.xml","MODIFIED","Removed TeleMessage strings"
2025-05-18 13:10:46,INFO,UI,"/home/john/Documents/GitHub/TM-SGNL-Android/app/src/main/res/values-az/strings.xml","MODIFIED","Removed TeleMessage strings"
2025-05-18 13:10:46,INFO,UI,"/home/john/Documents/GitHub/TM-SGNL-Android/app/src/main/res/values-bg/strings.xml","MODIFIED","Removed TeleMessage strings"
2025-05-18 13:10:46,INFO,UI,"/home/john/Documents/GitHub/TM-SGNL-Android/app/src/main/res/values-bn/strings.xml","MODIFIED","Removed TeleMessage strings"
2025-05-18 13:10:46,INFO,UI,"/home/john/Documents/GitHub/TM-SGNL-Android/app/src/main/res/values-bs/strings.xml","MODIFIED","Removed TeleMessage strings"
2025-05-18 13:10:46,INFO,UI,"/home/john/Documents/GitHub/TM-SGNL-Android/app/src/main/res/values-ca/strings.xml","MODIFIED","Removed TeleMessage strings"
2025-05-18 13:10:46,INFO,UI,"/home/john/Documents/GitHub/TM-SGNL-Android/app/src/main/res/values-cs/strings.xml","MODIFIED","Removed TeleMessage strings"
2025-05-18 13:10:46,INFO,UI,"/home/john/Documents/GitHub/TM-SGNL-Android/app/src/main/res/values-da/strings.xml","MODIFIED","Removed TeleMessage strings"
2025-05-18 13:10:46,INFO,UI,"/home/john/Documents/GitHub/TM-SGNL-Android/app/src/main/res/values-de/strings.xml","MODIFIED","Removed TeleMessage strings"
2025-05-18 13:10:46,INFO,UI,"/home/john/Documents/GitHub/TM-SGNL-Android/app/src/main/res/values-el/strings.xml","MODIFIED","Removed TeleMessage strings"
2025-05-18 13:10:47,INFO,UI,"/home/john/Documents/GitHub/TM-SGNL-Android/app/src/main/res/values-es/strings.xml","MODIFIED","Removed TeleMessage strings"
2025-05-18 13:10:47,INFO,UI,"/home/john/Documents/GitHub/TM-SGNL-Android/app/src/main/res/values-et/strings.xml","MODIFIED","Removed TeleMessage strings"
2025-05-18 13:10:47,INFO,UI,"/home/john/Documents/GitHub/TM-SGNL-Android/app/src/main/res/values-eu/strings.xml","MODIFIED","Removed TeleMessage strings"
2025-05-18 13:10:47,INFO,UI,"/home/john/Documents/GitHub/TM-SGNL-Android/app/src/main/res/values-fa/strings.xml","MODIFIED","Removed TeleMessage strings"
2025-05-18 13:10:47,INFO,UI,"/home/john/Documents/GitHub/TM-SGNL-Android/app/src/main/res/values-fi/strings.xml","MODIFIED","Removed TeleMessage strings"
2025-05-18 13:10:47,INFO,UI,"/home/john/Documents/GitHub/TM-SGNL-Android/app/src/main/res/values-fr/strings.xml","MODIFIED","Removed TeleMessage strings"
2025-05-18 13:10:47,INFO,UI,"/home/john/Documents/GitHub/TM-SGNL-Android/app/src/main/res/values-ga/strings.xml","MODIFIED","Removed TeleMessage strings"
2025-05-18 13:10:47,INFO,UI,"/home/john/Documents/GitHub/TM-SGNL-Android/app/src/main/res/values-gl/strings.xml","MODIFIED","Removed TeleMessage strings"
2025-05-18 13:10:47,INFO,UI,"/home/john/Documents/GitHub/TM-SGNL-Android/app/src/main/res/values-gu/strings.xml","MODIFIED","Removed TeleMessage strings"
2025-05-18 13:10:47,INFO,UI,"/home/john/Documents/GitHub/TM-SGNL-Android/app/src/main/res/values-hi/strings.xml","MODIFIED","Removed TeleMessage strings"
2025-05-18 13:10:47,INFO,UI,"/home/john/Documents/GitHub/TM-SGNL-Android/app/src/main/res/values-hr/strings.xml","MODIFIED","Removed TeleMessage strings"
2025-05-18 13:10:47,INFO,UI,"/home/john/Documents/GitHub/TM-SGNL-Android/app/src/main/res/values-hu/strings.xml","MODIFIED","Removed TeleMessage strings"
2025-05-18 13:10:47,INFO,UI,"/home/john/Documents/GitHub/TM-SGNL-Android/app/src/main/res/values-in/strings.xml","MODIFIED","Removed TeleMessage strings"
2025-05-18 13:10:47,INFO,UI,"/home/john/Documents/GitHub/TM-SGNL-Android/app/src/main/res/values-it/strings.xml","MODIFIED","Removed TeleMessage strings"
2025-05-18 13:10:47,INFO,UI,"/home/john/Documents/GitHub/TM-SGNL-Android/app/src/main/res/values-iw/strings.xml","MODIFIED","Removed TeleMessage strings"
2025-05-18 13:10:47,INFO,UI,"/home/john/Documents/GitHub/TM-SGNL-Android/app/src/main/res/values-ja/strings.xml","MODIFIED","Removed TeleMessage strings"
2025-05-18 13:10:47,INFO,UI,"/home/john/Documents/GitHub/TM-SGNL-Android/app/src/main/res/values-ka/strings.xml","MODIFIED","Removed TeleMessage strings"
2025-05-18 13:10:47,INFO,UI,"/home/john/Documents/GitHub/TM-SGNL-Android/app/src/main/res/values-kk/strings.xml","MODIFIED","Removed TeleMessage strings"
2025-05-18 13:10:47,INFO,UI,"/home/john/Documents/GitHub/TM-SGNL-Android/app/src/main/res/values-km/strings.xml","MODIFIED","Removed TeleMessage strings"
2025-05-18 13:10:47,INFO,UI,"/home/john/Documents/GitHub/TM-SGNL-Android/app/src/main/res/values-kn/strings.xml","MODIFIED","Removed TeleMessage strings"
2025-05-18 13:10:47,INFO,UI,"/home/john/Documents/GitHub/TM-SGNL-Android/app/src/main/res/values-ko/strings.xml","MODIFIED","Removed TeleMessage strings"
2025-05-18 13:10:47,INFO,UI,"/home/john/Documents/GitHub/TM-SGNL-Android/app/src/main/res/values-ky/strings.xml","MODIFIED","Removed TeleMessage strings"
2025-05-18 13:10:47,INFO,UI,"/home/john/Documents/GitHub/TM-SGNL-Android/app/src/main/res/values-lt/strings.xml","MODIFIED","Removed TeleMessage strings"
2025-05-18 13:10:47,INFO,UI,"/home/john/Documents/GitHub/TM-SGNL-Android/app/src/main/res/values-lv/strings.xml","MODIFIED","Removed TeleMessage strings"
2025-05-18 13:10:47,INFO,UI,"/home/john/Documents/GitHub/TM-SGNL-Android/app/src/main/res/values-mk/strings.xml","MODIFIED","Removed TeleMessage strings"
2025-05-18 13:10:47,INFO,UI,"/home/john/Documents/GitHub/TM-SGNL-Android/app/src/main/res/values-ml/strings.xml","MODIFIED","Removed TeleMessage strings"
2025-05-18 13:10:47,INFO,UI,"/home/john/Documents/GitHub/TM-SGNL-Android/app/src/main/res/values-mr/strings.xml","MODIFIED","Removed TeleMessage strings"
2025-05-18 13:10:47,INFO,UI,"/home/john/Documents/GitHub/TM-SGNL-Android/app/src/main/res/values-ms/strings.xml","MODIFIED","Removed TeleMessage strings"
2025-05-18 13:10:47,INFO,UI,"/home/john/Documents/GitHub/TM-SGNL-Android/app/src/main/res/values-my/strings.xml","MODIFIED","Removed TeleMessage strings"
2025-05-18 13:10:47,INFO,UI,"/home/john/Documents/GitHub/TM-SGNL-Android/app/src/main/res/values-nb/strings.xml","MODIFIED","Removed TeleMessage strings"
2025-05-18 13:10:47,INFO,UI,"/home/john/Documents/GitHub/TM-SGNL-Android/app/src/main/res/values-nl/strings.xml","MODIFIED","Removed TeleMessage strings"
2025-05-18 13:10:47,INFO,UI,"/home/john/Documents/GitHub/TM-SGNL-Android/app/src/main/res/values-pa/strings.xml","MODIFIED","Removed TeleMessage strings"
2025-05-18 13:10:47,INFO,UI,"/home/john/Documents/GitHub/TM-SGNL-Android/app/src/main/res/values-pl/strings.xml","MODIFIED","Removed TeleMessage strings"
2025-05-18 13:10:47,INFO,UI,"/home/john/Documents/GitHub/TM-SGNL-Android/app/src/main/res/values-pt-rBR/strings.xml","MODIFIED","Removed TeleMessage strings"
2025-05-18 13:10:47,INFO,UI,"/home/john/Documents/GitHub/TM-SGNL-Android/app/src/main/res/values-pt/strings.xml","MODIFIED","Removed TeleMessage strings"
2025-05-18 13:10:47,INFO,UI,"/home/john/Documents/GitHub/TM-SGNL-Android/app/src/main/res/values-ro/strings.xml","MODIFIED","Removed TeleMessage strings"
2025-05-18 13:10:47,INFO,UI,"/home/john/Documents/GitHub/TM-SGNL-Android/app/src/main/res/values-ru/strings.xml","MODIFIED","Removed TeleMessage strings"
2025-05-18 13:10:47,INFO,UI,"/home/john/Documents/GitHub/TM-SGNL-Android/app/src/main/res/values-sk/strings.xml","MODIFIED","Removed TeleMessage strings"
2025-05-18 13:10:47,INFO,UI,"/home/john/Documents/GitHub/TM-SGNL-Android/app/src/main/res/values-sl/strings.xml","MODIFIED","Removed TeleMessage strings"
2025-05-18 13:10:47,INFO,UI,"/home/john/Documents/GitHub/TM-SGNL-Android/app/src/main/res/values-sq/strings.xml","MODIFIED","Removed TeleMessage strings"
2025-05-18 13:10:47,INFO,UI,"/home/john/Documents/GitHub/TM-SGNL-Android/app/src/main/res/values-sr/strings.xml","MODIFIED","Removed TeleMessage strings"
2025-05-18 13:10:47,INFO,UI,"/home/john/Documents/GitHub/TM-SGNL-Android/app/src/main/res/values-sv/strings.xml","MODIFIED","Removed TeleMessage strings"
2025-05-18 13:10:47,INFO,UI,"/home/john/Documents/GitHub/TM-SGNL-Android/app/src/main/res/values-sw/strings.xml","MODIFIED","Removed TeleMessage strings"
2025-05-18 13:10:47,INFO,UI,"/home/john/Documents/GitHub/TM-SGNL-Android/app/src/main/res/values-ta/strings.xml","MODIFIED","Removed TeleMessage strings"
2025-05-18 13:10:47,INFO,UI,"/home/john/Documents/GitHub/TM-SGNL-Android/app/src/main/res/values-te/strings.xml","MODIFIED","Removed TeleMessage strings"
2025-05-18 13:10:47,INFO,UI,"/home/john/Documents/GitHub/TM-SGNL-Android/app/src/main/res/values-th/strings.xml","MODIFIED","Removed TeleMessage strings"
2025-05-18 13:10:47,INFO,UI,"/home/john/Documents/GitHub/TM-SGNL-Android/app/src/main/res/values-tl/strings.xml","MODIFIED","Removed TeleMessage strings"
2025-05-18 13:10:47,INFO,UI,"/home/john/Documents/GitHub/TM-SGNL-Android/app/src/main/res/values-tr/strings.xml","MODIFIED","Removed TeleMessage strings"
2025-05-18 13:10:47,INFO,UI,"/home/john/Documents/GitHub/TM-SGNL-Android/app/src/main/res/values-ug/strings.xml","MODIFIED","Removed TeleMessage strings"
2025-05-18 13:10:47,INFO,UI,"/home/john/Documents/GitHub/TM-SGNL-Android/app/src/main/res/values-uk/strings.xml","MODIFIED","Removed TeleMessage strings"
2025-05-18 13:10:47,INFO,UI,"/home/john/Documents/GitHub/TM-SGNL-Android/app/src/main/res/values-ur/strings.xml","MODIFIED","Removed TeleMessage strings"
2025-05-18 13:10:47,INFO,UI,"/home/john/Documents/GitHub/TM-SGNL-Android/app/src/main/res/values-vi/strings.xml","MODIFIED","Removed TeleMessage strings"
2025-05-18 13:10:47,INFO,UI,"/home/john/Documents/GitHub/TM-SGNL-Android/app/src/main/res/values-yue/strings.xml","MODIFIED","Removed TeleMessage strings"
2025-05-18 13:10:47,INFO,UI,"/home/john/Documents/GitHub/TM-SGNL-Android/app/src/main/res/values-zh-rCN/strings.xml","MODIFIED","Removed TeleMessage strings"
2025-05-18 13:10:47,INFO,UI,"/home/john/Documents/GitHub/TM-SGNL-Android/app/src/main/res/values-zh-rHK/strings.xml","MODIFIED","Removed TeleMessage strings"
2025-05-18 13:10:47,INFO,UI,"/home/john/Documents/GitHub/TM-SGNL-Android/app/src/main/res/values-zh-rTW/strings.xml","MODIFIED","Removed TeleMessage strings"
2025-05-18 13:10:47,INFO,UI,"/home/john/Documents/GitHub/TM-SGNL-Android/app/src/main/res/values/strings.xml","MODIFIED","Removed TeleMessage strings"
2025-05-18 13:10:47,INFO,UI,"/home/john/Documents/GitHub/TM-SGNL-Android/app/src/nightlyStaging/res/values/strings.xml","MODIFIED","Removed TeleMessage strings"
2025-05-18 13:10:47,INFO,UI,"/home/john/Documents/GitHub/TM-SGNL-Android/app/src/staging/res/values/strings.xml","MODIFIED","Removed TeleMessage strings"
2025-05-18 13:10:47,INFO,UI,"/home/john/Documents/GitHub/TM-SGNL-Android/app/src/tm/res/values-es/strings.xml","MODIFIED","Removed TeleMessage strings"
2025-05-18 13:10:47,INFO,UI,"/home/john/Documents/GitHub/TM-SGNL-Android/app/src/tm/res/values-iw/strings.xml","MODIFIED","Removed TeleMessage strings"
2025-05-18 13:10:47,INFO,UI,"/home/john/Documents/GitHub/TM-SGNL-Android/app/src/tm/res/values-ja/strings.xml","MODIFIED","Removed TeleMessage strings"
2025-05-18 13:10:47,INFO,UI,"/home/john/Documents/GitHub/TM-SGNL-Android/app/src/tm/res/values/strings.xml","MODIFIED","Removed TeleMessage strings"
2025-05-18 13:10:47,WARN,AUDIT,"/home/john/Documents/GitHub/TM-SGNL-Android/app/build.gradle.kts","FOUND","Remaining reference found"
2025-05-18 13:10:47,WARN,AUDIT,"/home/john/Documents/GitHub/TM-SGNL-Android/app/libs/androidcopysdk-signal/resources/AndroidManifest.xml","FOUND","Remaining reference found"
2025-05-18 13:10:47,WARN,AUDIT,"/home/john/Documents/GitHub/TM-SGNL-Android/app/libs/androidcopysdk-signal/resources/res/values/values.xml","FOUND","Remaining reference found"
2025-05-18 13:10:48,WARN,AUDIT,"/home/john/Documents/GitHub/TM-SGNL-Android/app/libs/androidcopysdk-signal/sources/com/tm/androidcopysdk/AlarmService.java","FOUND","Remaining reference found"
2025-05-18 13:10:48,WARN,AUDIT,"/home/john/Documents/GitHub/TM-SGNL-Android/app/libs/androidcopysdk-signal/sources/com/tm/androidcopysdk/AndroidCopySDK.java","FOUND","Remaining reference found"
2025-05-18 13:10:48,WARN,AUDIT,"/home/john/Documents/GitHub/TM-SGNL-Android/app/libs/androidcopysdk-signal/sources/com/tm/androidcopysdk/AndroidCopySettings.java","FOUND","Remaining reference found"
2025-05-18 13:10:48,WARN,AUDIT,"/home/john/Documents/GitHub/TM-SGNL-Android/app/libs/androidcopysdk-signal/sources/com/tm/androidcopysdk/AndroidcopyInfo.java","FOUND","Remaining reference found"
2025-05-18 13:10:48,WARN,AUDIT,"/home/john/Documents/GitHub/TM-SGNL-Android/app/libs/androidcopysdk-signal/sources/com/tm/androidcopysdk/ArchiveMessageEvent.java","FOUND","Remaining reference found"
2025-05-18 13:10:48,WARN,AUDIT,"/home/john/Documents/GitHub/TM-SGNL-Android/app/libs/androidcopysdk-signal/sources/com/tm/androidcopysdk/AudioSettingsManager.java","FOUND","Remaining reference found"
2025-05-18 13:10:48,WARN,AUDIT,"/home/john/Documents/GitHub/TM-SGNL-Android/app/libs/androidcopysdk-signal/sources/com/tm/androidcopysdk/AuthenticationService.java","FOUND","Remaining reference found"
2025-05-18 13:10:48,WARN,AUDIT,"/home/john/Documents/GitHub/TM-SGNL-Android/app/libs/androidcopysdk-signal/sources/com/tm/androidcopysdk/BackupJobIntentService.java","FOUND","Remaining reference found"
2025-05-18 13:10:48,WARN,AUDIT,"/home/john/Documents/GitHub/TM-SGNL-Android/app/libs/androidcopysdk-signal/sources/com/tm/androidcopysdk/BackupService.java","FOUND","Remaining reference found"
2025-05-18 13:10:48,WARN,AUDIT,"/home/john/Documents/GitHub/TM-SGNL-Android/app/libs/androidcopysdk-signal/sources/com/tm/androidcopysdk/BackupWorker.java","FOUND","Remaining reference found"
2025-05-18 13:10:48,WARN,AUDIT,"/home/john/Documents/GitHub/TM-SGNL-Android/app/libs/androidcopysdk-signal/sources/com/tm/androidcopysdk/BuildConfig.java","FOUND","Remaining reference found"
2025-05-18 13:10:48,WARN,AUDIT,"/home/john/Documents/GitHub/TM-SGNL-Android/app/libs/androidcopysdk-signal/sources/com/tm/androidcopysdk/CallListener.java","FOUND","Remaining reference found"
2025-05-18 13:10:48,WARN,AUDIT,"/home/john/Documents/GitHub/TM-SGNL-Android/app/libs/androidcopysdk-signal/sources/com/tm/androidcopysdk/CallObj.java","FOUND","Remaining reference found"
2025-05-18 13:10:48,WARN,AUDIT,"/home/john/Documents/GitHub/TM-SGNL-Android/app/libs/androidcopysdk-signal/sources/com/tm/androidcopysdk/CallReceiver.java","FOUND","Remaining reference found"
2025-05-18 13:10:48,WARN,AUDIT,"/home/john/Documents/GitHub/TM-SGNL-Android/app/libs/androidcopysdk-signal/sources/com/tm/androidcopysdk/CallRecorder.java","FOUND","Remaining reference found"
2025-05-18 13:10:48,WARN,AUDIT,"/home/john/Documents/GitHub/TM-SGNL-Android/app/libs/androidcopysdk-signal/sources/com/tm/androidcopysdk/CallRecorderService.java","FOUND","Remaining reference found"
2025-05-18 13:10:48,WARN,AUDIT,"/home/john/Documents/GitHub/TM-SGNL-Android/app/libs/androidcopysdk-signal/sources/com/tm/androidcopysdk/CommonUtils.java","FOUND","Remaining reference found"
2025-05-18 13:10:48,WARN,AUDIT,"/home/john/Documents/GitHub/TM-SGNL-Android/app/libs/androidcopysdk-signal/sources/com/tm/androidcopysdk/CompressionService.java","FOUND","Remaining reference found"
2025-05-18 13:10:48,WARN,AUDIT,"/home/john/Documents/GitHub/TM-SGNL-Android/app/libs/androidcopysdk-signal/sources/com/tm/androidcopysdk/DataGrabber.java","FOUND","Remaining reference found"
2025-05-18 13:10:48,WARN,AUDIT,"/home/john/Documents/GitHub/TM-SGNL-Android/app/libs/androidcopysdk-signal/sources/com/tm/androidcopysdk/DefinitionsSDKKt.java","FOUND","Remaining reference found"
2025-05-18 13:10:48,WARN,AUDIT,"/home/john/Documents/GitHub/TM-SGNL-Android/app/libs/androidcopysdk-signal/sources/com/tm/androidcopysdk/GetMessagesService.java","FOUND","Remaining reference found"
2025-05-18 13:10:48,WARN,AUDIT,"/home/john/Documents/GitHub/TM-SGNL-Android/app/libs/androidcopysdk-signal/sources/com/tm/androidcopysdk/GetOldMessagesService.java","FOUND","Remaining reference found"
2025-05-18 13:10:48,WARN,AUDIT,"/home/john/Documents/GitHub/TM-SGNL-Android/app/libs/androidcopysdk-signal/sources/com/tm/androidcopysdk/HandleResponseListener.java","FOUND","Remaining reference found"
2025-05-18 13:10:48,WARN,AUDIT,"/home/john/Documents/GitHub/TM-SGNL-Android/app/libs/androidcopysdk-signal/sources/com/tm/androidcopysdk/HeaderObj.java","FOUND","Remaining reference found"
2025-05-18 13:10:48,WARN,AUDIT,"/home/john/Documents/GitHub/TM-SGNL-Android/app/libs/androidcopysdk-signal/sources/com/tm/androidcopysdk/ISendLogCallback.java","FOUND","Remaining reference found"
2025-05-18 13:10:48,WARN,AUDIT,"/home/john/Documents/GitHub/TM-SGNL-Android/app/libs/androidcopysdk-signal/sources/com/tm/androidcopysdk/MMSIncomingReceiver.java","FOUND","Remaining reference found"
2025-05-18 13:10:48,WARN,AUDIT,"/home/john/Documents/GitHub/TM-SGNL-Android/app/libs/androidcopysdk-signal/sources/com/tm/androidcopysdk/MessageEvent.java","FOUND","Remaining reference found"
2025-05-18 13:10:48,WARN,AUDIT,"/home/john/Documents/GitHub/TM-SGNL-Android/app/libs/androidcopysdk-signal/sources/com/tm/androidcopysdk/MessageType.java","FOUND","Remaining reference found"
2025-05-18 13:10:48,WARN,AUDIT,"/home/john/Documents/GitHub/TM-SGNL-Android/app/libs/androidcopysdk-signal/sources/com/tm/androidcopysdk/Models/AudioSettings.java","FOUND","Remaining reference found"
2025-05-18 13:10:48,WARN,AUDIT,"/home/john/Documents/GitHub/TM-SGNL-Android/app/libs/androidcopysdk-signal/sources/com/tm/androidcopysdk/Models/MessageDetailsArchive.java","FOUND","Remaining reference found"
2025-05-18 13:10:48,WARN,AUDIT,"/home/john/Documents/GitHub/TM-SGNL-Android/app/libs/androidcopysdk-signal/sources/com/tm/androidcopysdk/Models/RecFileExt.java","FOUND","Remaining reference found"
2025-05-18 13:10:48,WARN,AUDIT,"/home/john/Documents/GitHub/TM-SGNL-Android/app/libs/androidcopysdk-signal/sources/com/tm/androidcopysdk/Models/SignatureInfo.java","FOUND","Remaining reference found"
2025-05-18 13:10:48,WARN,AUDIT,"/home/john/Documents/GitHub/TM-SGNL-Android/app/libs/androidcopysdk-signal/sources/com/tm/androidcopysdk/MultipleCall.java","FOUND","Remaining reference found"
2025-05-18 13:10:48,WARN,AUDIT,"/home/john/Documents/GitHub/TM-SGNL-Android/app/libs/androidcopysdk-signal/sources/com/tm/androidcopysdk/NetworkAndChargingService.java","FOUND","Remaining reference found"
2025-05-18 13:10:48,WARN,AUDIT,"/home/john/Documents/GitHub/TM-SGNL-Android/app/libs/androidcopysdk-signal/sources/com/tm/androidcopysdk/NetworkService.java","FOUND","Remaining reference found"
2025-05-18 13:10:48,WARN,AUDIT,"/home/john/Documents/GitHub/TM-SGNL-Android/app/libs/androidcopysdk-signal/sources/com/tm/androidcopysdk/Packager.java","FOUND","Remaining reference found"
2025-05-18 13:10:48,WARN,AUDIT,"/home/john/Documents/GitHub/TM-SGNL-Android/app/libs/androidcopysdk-signal/sources/com/tm/androidcopysdk/SDKSettings.java","FOUND","Remaining reference found"
2025-05-18 13:10:48,WARN,AUDIT,"/home/john/Documents/GitHub/TM-SGNL-Android/app/libs/androidcopysdk-signal/sources/com/tm/androidcopysdk/SMSIncomingReceiver.java","FOUND","Remaining reference found"
2025-05-18 13:10:48,WARN,AUDIT,"/home/john/Documents/GitHub/TM-SGNL-Android/app/libs/androidcopysdk-signal/sources/com/tm/androidcopysdk/SettingsEvent.java","FOUND","Remaining reference found"
2025-05-18 13:10:48,WARN,AUDIT,"/home/john/Documents/GitHub/TM-SGNL-Android/app/libs/androidcopysdk-signal/sources/com/tm/androidcopysdk/ShutdownReceiver.java","FOUND","Remaining reference found"
2025-05-18 13:10:48,WARN,AUDIT,"/home/john/Documents/GitHub/TM-SGNL-Android/app/libs/androidcopysdk-signal/sources/com/tm/androidcopysdk/SimChangedReceiver.java","FOUND","Remaining reference found"
2025-05-18 13:10:48,WARN,AUDIT,"/home/john/Documents/GitHub/TM-SGNL-Android/app/libs/androidcopysdk-signal/sources/com/tm/androidcopysdk/Startup.java","FOUND","Remaining reference found"
2025-05-18 13:10:48,WARN,AUDIT,"/home/john/Documents/GitHub/TM-SGNL-Android/app/libs/androidcopysdk-signal/sources/com/tm/androidcopysdk/StatusListener.java","FOUND","Remaining reference found"
2025-05-18 13:10:48,WARN,AUDIT,"/home/john/Documents/GitHub/TM-SGNL-Android/app/libs/androidcopysdk-signal/sources/com/tm/androidcopysdk/StopBackupWorker.java","FOUND","Remaining reference found"
2025-05-18 13:10:48,WARN,AUDIT,"/home/john/Documents/GitHub/TM-SGNL-Android/app/libs/androidcopysdk-signal/sources/com/tm/androidcopysdk/StubAuthenticator.java","FOUND","Remaining reference found"
2025-05-18 13:10:48,WARN,AUDIT,"/home/john/Documents/GitHub/TM-SGNL-Android/app/libs/androidcopysdk-signal/sources/com/tm/androidcopysdk/StubMessageContentProvider.java","FOUND","Remaining reference found"
2025-05-18 13:10:48,WARN,AUDIT,"/home/john/Documents/GitHub/TM-SGNL-Android/app/libs/androidcopysdk-signal/sources/com/tm/androidcopysdk/SyncAdapter.java","FOUND","Remaining reference found"
2025-05-18 13:10:48,WARN,AUDIT,"/home/john/Documents/GitHub/TM-SGNL-Android/app/libs/androidcopysdk-signal/sources/com/tm/androidcopysdk/SyncService.java","FOUND","Remaining reference found"
2025-05-18 13:10:48,WARN,AUDIT,"/home/john/Documents/GitHub/TM-SGNL-Android/app/libs/androidcopysdk-signal/sources/com/tm/androidcopysdk/UpgradeVersionIntentService.java","FOUND","Remaining reference found"
2025-05-18 13:10:48,WARN,AUDIT,"/home/john/Documents/GitHub/TM-SGNL-Android/app/libs/androidcopysdk-signal/sources/com/tm/androidcopysdk/Uploader.java","FOUND","Remaining reference found"
2025-05-18 13:10:48,WARN,AUDIT,"/home/john/Documents/GitHub/TM-SGNL-Android/app/libs/androidcopysdk-signal/sources/com/tm/androidcopysdk/api/IArchiveDatabase.java","FOUND","Remaining reference found"
2025-05-18 13:10:48,WARN,AUDIT,"/home/john/Documents/GitHub/TM-SGNL-Android/app/libs/androidcopysdk-signal/sources/com/tm/androidcopysdk/api/IArchiveMessageDao.java","FOUND","Remaining reference found"
2025-05-18 13:10:48,WARN,AUDIT,"/home/john/Documents/GitHub/TM-SGNL-Android/app/libs/androidcopysdk-signal/sources/com/tm/androidcopysdk/api/IArchiveMessageHeaderDao.java","FOUND","Remaining reference found"
2025-05-18 13:10:48,WARN,AUDIT,"/home/john/Documents/GitHub/TM-SGNL-Android/app/libs/androidcopysdk-signal/sources/com/tm/androidcopysdk/api/IDatabase.java","FOUND","Remaining reference found"
2025-05-18 13:10:48,WARN,AUDIT,"/home/john/Documents/GitHub/TM-SGNL-Android/app/libs/androidcopysdk-signal/sources/com/tm/androidcopysdk/api/IFiler.java","FOUND","Remaining reference found"
2025-05-18 13:10:48,WARN,AUDIT,"/home/john/Documents/GitHub/TM-SGNL-Android/app/libs/androidcopysdk-signal/sources/com/tm/androidcopysdk/api/IMessageStoreObserver.java","FOUND","Remaining reference found"
2025-05-18 13:10:48,WARN,AUDIT,"/home/john/Documents/GitHub/TM-SGNL-Android/app/libs/androidcopysdk-signal/sources/com/tm/androidcopysdk/api/ISharedDao.java","FOUND","Remaining reference found"
2025-05-18 13:10:48,WARN,AUDIT,"/home/john/Documents/GitHub/TM-SGNL-Android/app/libs/androidcopysdk-signal/sources/com/tm/androidcopysdk/api/SdkModule.java","FOUND","Remaining reference found"
2025-05-18 13:10:48,WARN,AUDIT,"/home/john/Documents/GitHub/TM-SGNL-Android/app/libs/androidcopysdk-signal/sources/com/tm/androidcopysdk/compress/AndroidAudioConverter.java","FOUND","Remaining reference found"
2025-05-18 13:10:48,WARN,AUDIT,"/home/john/Documents/GitHub/TM-SGNL-Android/app/libs/androidcopysdk-signal/sources/com/tm/androidcopysdk/compress/AudioFormat.java","FOUND","Remaining reference found"
2025-05-18 13:10:48,WARN,AUDIT,"/home/john/Documents/GitHub/TM-SGNL-Android/app/libs/androidcopysdk-signal/sources/com/tm/androidcopysdk/compress/IConvertCallback.java","FOUND","Remaining reference found"
2025-05-18 13:10:48,WARN,AUDIT,"/home/john/Documents/GitHub/TM-SGNL-Android/app/libs/androidcopysdk-signal/sources/com/tm/androidcopysdk/compress/ILoadCallback.java","FOUND","Remaining reference found"
2025-05-18 13:10:48,WARN,AUDIT,"/home/john/Documents/GitHub/TM-SGNL-Android/app/libs/androidcopysdk-signal/sources/com/tm/androidcopysdk/converter/ArchiveAttachmentConverter.java","FOUND","Remaining reference found"
2025-05-18 13:10:48,WARN,AUDIT,"/home/john/Documents/GitHub/TM-SGNL-Android/app/libs/androidcopysdk-signal/sources/com/tm/androidcopysdk/converter/ArchiveCallInfoConverter.java","FOUND","Remaining reference found"
2025-05-18 13:10:48,WARN,AUDIT,"/home/john/Documents/GitHub/TM-SGNL-Android/app/libs/androidcopysdk-signal/sources/com/tm/androidcopysdk/converter/ArchiveChatConverter.java","FOUND","Remaining reference found"
2025-05-18 13:10:48,WARN,AUDIT,"/home/john/Documents/GitHub/TM-SGNL-Android/app/libs/androidcopysdk-signal/sources/com/tm/androidcopysdk/converter/ArchiveEditMessageConverter.java","FOUND","Remaining reference found"
2025-05-18 13:10:48,WARN,AUDIT,"/home/john/Documents/GitHub/TM-SGNL-Android/app/libs/androidcopysdk-signal/sources/com/tm/androidcopysdk/converter/ArchiveMessageConverter.java","FOUND","Remaining reference found"
2025-05-18 13:10:48,WARN,AUDIT,"/home/john/Documents/GitHub/TM-SGNL-Android/app/libs/androidcopysdk-signal/sources/com/tm/androidcopysdk/converter/ArchiveRecipientConverter.java","FOUND","Remaining reference found"
2025-05-18 13:10:48,WARN,AUDIT,"/home/john/Documents/GitHub/TM-SGNL-Android/app/libs/androidcopysdk-signal/sources/com/tm/androidcopysdk/converter/MessageDetailsConverter.java","FOUND","Remaining reference found"
2025-05-18 13:10:48,WARN,AUDIT,"/home/john/Documents/GitHub/TM-SGNL-Android/app/libs/androidcopysdk-signal/sources/com/tm/androidcopysdk/database/ArchiveMessageDao.java","FOUND","Remaining reference found"
2025-05-18 13:10:48,WARN,AUDIT,"/home/john/Documents/GitHub/TM-SGNL-Android/app/libs/androidcopysdk-signal/sources/com/tm/androidcopysdk/database/ArchiveMessageHeaderDao.java","FOUND","Remaining reference found"
2025-05-18 13:10:48,WARN,AUDIT,"/home/john/Documents/GitHub/TM-SGNL-Android/app/libs/androidcopysdk-signal/sources/com/tm/androidcopysdk/database/DBEventsContract.java","FOUND","Remaining reference found"
2025-05-18 13:10:48,WARN,AUDIT,"/home/john/Documents/GitHub/TM-SGNL-Android/app/libs/androidcopysdk-signal/sources/com/tm/androidcopysdk/database/DBEventsContractSignal.java","FOUND","Remaining reference found"
2025-05-18 13:10:48,WARN,AUDIT,"/home/john/Documents/GitHub/TM-SGNL-Android/app/libs/androidcopysdk-signal/sources/com/tm/androidcopysdk/database/DBHeadersTable.java","FOUND","Remaining reference found"
2025-05-18 13:10:48,WARN,AUDIT,"/home/john/Documents/GitHub/TM-SGNL-Android/app/libs/androidcopysdk-signal/sources/com/tm/androidcopysdk/database/DBKeepAliveQueryHelper.java","FOUND","Remaining reference found"
2025-05-18 13:10:48,WARN,AUDIT,"/home/john/Documents/GitHub/TM-SGNL-Android/app/libs/androidcopysdk-signal/sources/com/tm/androidcopysdk/database/DBMessagesContract.java","FOUND","Remaining reference found"
2025-05-18 13:10:48,WARN,AUDIT,"/home/john/Documents/GitHub/TM-SGNL-Android/app/libs/androidcopysdk-signal/sources/com/tm/androidcopysdk/database/DBMessagesContractSignal.java","FOUND","Remaining reference found"
2025-05-18 13:10:48,WARN,AUDIT,"/home/john/Documents/GitHub/TM-SGNL-Android/app/libs/androidcopysdk-signal/sources/com/tm/androidcopysdk/database/DBMessagesHelper.java","FOUND","Remaining reference found"
2025-05-18 13:10:48,WARN,AUDIT,"/home/john/Documents/GitHub/TM-SGNL-Android/app/libs/androidcopysdk-signal/sources/com/tm/androidcopysdk/database/DBMessagesHelperSignal.java","FOUND","Remaining reference found"
2025-05-18 13:10:48,WARN,AUDIT,"/home/john/Documents/GitHub/TM-SGNL-Android/app/libs/androidcopysdk-signal/sources/com/tm/androidcopysdk/database/DefaultArchiveDatabase.java","FOUND","Remaining reference found"
2025-05-18 13:10:48,WARN,AUDIT,"/home/john/Documents/GitHub/TM-SGNL-Android/app/libs/androidcopysdk-signal/sources/com/tm/androidcopysdk/database/MessageContentProvider.java","FOUND","Remaining reference found"
2025-05-18 13:10:48,WARN,AUDIT,"/home/john/Documents/GitHub/TM-SGNL-Android/app/libs/androidcopysdk-signal/sources/com/tm/androidcopysdk/database/SQLFactory.java","FOUND","Remaining reference found"
2025-05-18 13:10:48,WARN,AUDIT,"/home/john/Documents/GitHub/TM-SGNL-Android/app/libs/androidcopysdk-signal/sources/com/tm/androidcopysdk/database/SqlCipherLibraryLoader.java","FOUND","Remaining reference found"
2025-05-18 13:10:48,WARN,AUDIT,"/home/john/Documents/GitHub/TM-SGNL-Android/app/libs/androidcopysdk-signal/sources/com/tm/androidcopysdk/database/UriUtils.java","FOUND","Remaining reference found"
2025-05-18 13:10:48,WARN,AUDIT,"/home/john/Documents/GitHub/TM-SGNL-Android/app/libs/androidcopysdk-signal/sources/com/tm/androidcopysdk/device/AbstractFiler.java","FOUND","Remaining reference found"
2025-05-18 13:10:48,WARN,AUDIT,"/home/john/Documents/GitHub/TM-SGNL-Android/app/libs/androidcopysdk-signal/sources/com/tm/androidcopysdk/device/ArchiveMessagesProcessor.java","FOUND","Remaining reference found"
2025-05-18 13:10:48,WARN,AUDIT,"/home/john/Documents/GitHub/TM-SGNL-Android/app/libs/androidcopysdk-signal/sources/com/tm/androidcopysdk/device/DefaultMessageStoreObserver.java","FOUND","Remaining reference found"
2025-05-18 13:10:48,WARN,AUDIT,"/home/john/Documents/GitHub/TM-SGNL-Android/app/libs/androidcopysdk-signal/sources/com/tm/androidcopysdk/device/MessageStoreProcessor.java","FOUND","Remaining reference found"
2025-05-18 13:10:48,WARN,AUDIT,"/home/john/Documents/GitHub/TM-SGNL-Android/app/libs/androidcopysdk-signal/sources/com/tm/androidcopysdk/device/PcmAudioFileDecoder.java","FOUND","Remaining reference found"
2025-05-18 13:10:48,WARN,AUDIT,"/home/john/Documents/GitHub/TM-SGNL-Android/app/libs/androidcopysdk-signal/sources/com/tm/androidcopysdk/device/PcmAudioFileDecoderKt.java","FOUND","Remaining reference found"
2025-05-18 13:10:48,WARN,AUDIT,"/home/john/Documents/GitHub/TM-SGNL-Android/app/libs/androidcopysdk-signal/sources/com/tm/androidcopysdk/device/SdkMigrator.java","FOUND","Remaining reference found"
2025-05-18 13:10:48,WARN,AUDIT,"/home/john/Documents/GitHub/TM-SGNL-Android/app/libs/androidcopysdk-signal/sources/com/tm/androidcopysdk/device/SendSignatureProcessor.java","FOUND","Remaining reference found"
2025-05-18 13:10:48,WARN,AUDIT,"/home/john/Documents/GitHub/TM-SGNL-Android/app/libs/androidcopysdk-signal/sources/com/tm/androidcopysdk/events/AlertEvent.java","FOUND","Remaining reference found"
2025-05-18 13:10:48,WARN,AUDIT,"/home/john/Documents/GitHub/TM-SGNL-Android/app/libs/androidcopysdk-signal/sources/com/tm/androidcopysdk/events/AutoRecordingIsOff.java","FOUND","Remaining reference found"
2025-05-18 13:10:48,WARN,AUDIT,"/home/john/Documents/GitHub/TM-SGNL-Android/app/libs/androidcopysdk-signal/sources/com/tm/androidcopysdk/events/BatterySDKEvent.java","FOUND","Remaining reference found"
2025-05-18 13:10:48,WARN,AUDIT,"/home/john/Documents/GitHub/TM-SGNL-Android/app/libs/androidcopysdk-signal/sources/com/tm/androidcopysdk/events/ChangeSimCardBackEvent.java","FOUND","Remaining reference found"
2025-05-18 13:10:48,WARN,AUDIT,"/home/john/Documents/GitHub/TM-SGNL-Android/app/libs/androidcopysdk-signal/sources/com/tm/androidcopysdk/events/ChangedSimCardEvent.java","FOUND","Remaining reference found"
2025-05-18 13:10:48,WARN,AUDIT,"/home/john/Documents/GitHub/TM-SGNL-Android/app/libs/androidcopysdk-signal/sources/com/tm/androidcopysdk/events/ConvertedFailed.java","FOUND","Remaining reference found"
2025-05-18 13:10:48,WARN,AUDIT,"/home/john/Documents/GitHub/TM-SGNL-Android/app/libs/androidcopysdk-signal/sources/com/tm/androidcopysdk/events/DualSimWasRemoved.java","FOUND","Remaining reference found"
2025-05-18 13:10:48,WARN,AUDIT,"/home/john/Documents/GitHub/TM-SGNL-Android/app/libs/androidcopysdk-signal/sources/com/tm/androidcopysdk/events/EventAbsObj.java","FOUND","Remaining reference found"
2025-05-18 13:10:48,WARN,AUDIT,"/home/john/Documents/GitHub/TM-SGNL-Android/app/libs/androidcopysdk-signal/sources/com/tm/androidcopysdk/events/EventController.java","FOUND","Remaining reference found"
2025-05-18 13:10:48,WARN,AUDIT,"/home/john/Documents/GitHub/TM-SGNL-Android/app/libs/androidcopysdk-signal/sources/com/tm/androidcopysdk/events/EventFactory.java","FOUND","Remaining reference found"
2025-05-18 13:10:48,WARN,AUDIT,"/home/john/Documents/GitHub/TM-SGNL-Android/app/libs/androidcopysdk-signal/sources/com/tm/androidcopysdk/events/EventService.java","FOUND","Remaining reference found"
2025-05-18 13:10:48,WARN,AUDIT,"/home/john/Documents/GitHub/TM-SGNL-Android/app/libs/androidcopysdk-signal/sources/com/tm/androidcopysdk/events/EventsAPI.java","FOUND","Remaining reference found"
2025-05-18 13:10:48,WARN,AUDIT,"/home/john/Documents/GitHub/TM-SGNL-Android/app/libs/androidcopysdk-signal/sources/com/tm/androidcopysdk/events/EventsAPIobj.java","FOUND","Remaining reference found"
2025-05-18 13:10:48,WARN,AUDIT,"/home/john/Documents/GitHub/TM-SGNL-Android/app/libs/androidcopysdk-signal/sources/com/tm/androidcopysdk/events/FailedRecordingsEvent.java","FOUND","Remaining reference found"
2025-05-18 13:10:48,WARN,AUDIT,"/home/john/Documents/GitHub/TM-SGNL-Android/app/libs/androidcopysdk-signal/sources/com/tm/androidcopysdk/events/IdleEvent.java","FOUND","Remaining reference found"
2025-05-18 13:10:48,WARN,AUDIT,"/home/john/Documents/GitHub/TM-SGNL-Android/app/libs/androidcopysdk-signal/sources/com/tm/androidcopysdk/events/InstallEvent.java","FOUND","Remaining reference found"
2025-05-18 13:10:48,WARN,AUDIT,"/home/john/Documents/GitHub/TM-SGNL-Android/app/libs/androidcopysdk-signal/sources/com/tm/androidcopysdk/events/InstallEventAPI.java","FOUND","Remaining reference found"
2025-05-18 13:10:48,WARN,AUDIT,"/home/john/Documents/GitHub/TM-SGNL-Android/app/libs/androidcopysdk-signal/sources/com/tm/androidcopysdk/events/LowStorageEvent.java","FOUND","Remaining reference found"
2025-05-18 13:10:48,WARN,AUDIT,"/home/john/Documents/GitHub/TM-SGNL-Android/app/libs/androidcopysdk-signal/sources/com/tm/androidcopysdk/events/MissingFolderEvent.java","FOUND","Remaining reference found"
2025-05-18 13:10:48,WARN,AUDIT,"/home/john/Documents/GitHub/TM-SGNL-Android/app/libs/androidcopysdk-signal/sources/com/tm/androidcopysdk/events/MissingPermissionsEvent.java","FOUND","Remaining reference found"
2025-05-18 13:10:48,WARN,AUDIT,"/home/john/Documents/GitHub/TM-SGNL-Android/app/libs/androidcopysdk-signal/sources/com/tm/androidcopysdk/events/NoSupportForCallRecordingEvent.java","FOUND","Remaining reference found"
2025-05-18 13:10:48,WARN,AUDIT,"/home/john/Documents/GitHub/TM-SGNL-Android/app/libs/androidcopysdk-signal/sources/com/tm/androidcopysdk/events/PeriodicEventChecker.java","FOUND","Remaining reference found"
2025-05-18 13:10:48,WARN,AUDIT,"/home/john/Documents/GitHub/TM-SGNL-Android/app/libs/androidcopysdk-signal/sources/com/tm/androidcopysdk/events/RecordingTerminatedDuringTheCallEvent.java","FOUND","Remaining reference found"
2025-05-18 13:10:48,WARN,AUDIT,"/home/john/Documents/GitHub/TM-SGNL-Android/app/libs/androidcopysdk-signal/sources/com/tm/androidcopysdk/events/SimRemovedWithoutLogout.java","FOUND","Remaining reference found"
2025-05-18 13:10:48,WARN,AUDIT,"/home/john/Documents/GitHub/TM-SGNL-Android/app/libs/androidcopysdk-signal/sources/com/tm/androidcopysdk/events/StartRecordEvent.java","FOUND","Remaining reference found"
2025-05-18 13:10:48,WARN,AUDIT,"/home/john/Documents/GitHub/TM-SGNL-Android/app/libs/androidcopysdk-signal/sources/com/tm/androidcopysdk/events/StopRecordEvent.java","FOUND","Remaining reference found"
2025-05-18 13:10:48,WARN,AUDIT,"/home/john/Documents/GitHub/TM-SGNL-Android/app/libs/androidcopysdk-signal/sources/com/tm/androidcopysdk/events/UninstallEvent.java","FOUND","Remaining reference found"
2025-05-18 13:10:48,WARN,AUDIT,"/home/john/Documents/GitHub/TM-SGNL-Android/app/libs/androidcopysdk-signal/sources/com/tm/androidcopysdk/events/UpdateUserEvent.java","FOUND","Remaining reference found"
2025-05-18 13:10:48,WARN,AUDIT,"/home/john/Documents/GitHub/TM-SGNL-Android/app/libs/androidcopysdk-signal/sources/com/tm/androidcopysdk/events/UpdateVersionEvent.java","FOUND","Remaining reference found"
2025-05-18 13:10:48,WARN,AUDIT,"/home/john/Documents/GitHub/TM-SGNL-Android/app/libs/androidcopysdk-signal/sources/com/tm/androidcopysdk/firebas_realtime_db/RealTimeDbListener.java","FOUND","Remaining reference found"
2025-05-18 13:10:48,WARN,AUDIT,"/home/john/Documents/GitHub/TM-SGNL-Android/app/libs/androidcopysdk-signal/sources/com/tm/androidcopysdk/model/ArchiveAttachment.java","FOUND","Remaining reference found"
2025-05-18 13:10:48,WARN,AUDIT,"/home/john/Documents/GitHub/TM-SGNL-Android/app/libs/androidcopysdk-signal/sources/com/tm/androidcopysdk/model/ArchiveAttachmentType.java","FOUND","Remaining reference found"
2025-05-18 13:10:48,WARN,AUDIT,"/home/john/Documents/GitHub/TM-SGNL-Android/app/libs/androidcopysdk-signal/sources/com/tm/androidcopysdk/model/ArchiveCallInfo.java","FOUND","Remaining reference found"
2025-05-18 13:10:48,WARN,AUDIT,"/home/john/Documents/GitHub/TM-SGNL-Android/app/libs/androidcopysdk-signal/sources/com/tm/androidcopysdk/model/ArchiveChat.java","FOUND","Remaining reference found"
2025-05-18 13:10:48,WARN,AUDIT,"/home/john/Documents/GitHub/TM-SGNL-Android/app/libs/androidcopysdk-signal/sources/com/tm/androidcopysdk/model/ArchiveEventInfo.java","FOUND","Remaining reference found"
2025-05-18 13:10:48,WARN,AUDIT,"/home/john/Documents/GitHub/TM-SGNL-Android/app/libs/androidcopysdk-signal/sources/com/tm/androidcopysdk/model/ArchiveEventType.java","FOUND","Remaining reference found"
2025-05-18 13:10:48,WARN,AUDIT,"/home/john/Documents/GitHub/TM-SGNL-Android/app/libs/androidcopysdk-signal/sources/com/tm/androidcopysdk/model/ArchiveMessage.java","FOUND","Remaining reference found"
2025-05-18 13:10:48,WARN,AUDIT,"/home/john/Documents/GitHub/TM-SGNL-Android/app/libs/androidcopysdk-signal/sources/com/tm/androidcopysdk/model/ArchiveMessageContext.java","FOUND","Remaining reference found"
2025-05-18 13:10:48,WARN,AUDIT,"/home/john/Documents/GitHub/TM-SGNL-Android/app/libs/androidcopysdk-signal/sources/com/tm/androidcopysdk/model/ArchiveMessageEdit.java","FOUND","Remaining reference found"
2025-05-18 13:10:48,WARN,AUDIT,"/home/john/Documents/GitHub/TM-SGNL-Android/app/libs/androidcopysdk-signal/sources/com/tm/androidcopysdk/model/ArchiveMessageHeader.java","FOUND","Remaining reference found"
2025-05-18 13:10:48,WARN,AUDIT,"/home/john/Documents/GitHub/TM-SGNL-Android/app/libs/androidcopysdk-signal/sources/com/tm/androidcopysdk/model/ArchiveMessageIdentifier.java","FOUND","Remaining reference found"
2025-05-18 13:10:48,WARN,AUDIT,"/home/john/Documents/GitHub/TM-SGNL-Android/app/libs/androidcopysdk-signal/sources/com/tm/androidcopysdk/model/ArchiveMessageType.java","FOUND","Remaining reference found"
2025-05-18 13:10:48,WARN,AUDIT,"/home/john/Documents/GitHub/TM-SGNL-Android/app/libs/androidcopysdk-signal/sources/com/tm/androidcopysdk/model/ArchiveRecipient.java","FOUND","Remaining reference found"
2025-05-18 13:10:48,WARN,AUDIT,"/home/john/Documents/GitHub/TM-SGNL-Android/app/libs/androidcopysdk-signal/sources/com/tm/androidcopysdk/model/ArchiveSettings.java","FOUND","Remaining reference found"
2025-05-18 13:10:48,WARN,AUDIT,"/home/john/Documents/GitHub/TM-SGNL-Android/app/libs/androidcopysdk-signal/sources/com/tm/androidcopysdk/model/CallAnswerType.java","FOUND","Remaining reference found"
2025-05-18 13:10:48,WARN,AUDIT,"/home/john/Documents/GitHub/TM-SGNL-Android/app/libs/androidcopysdk-signal/sources/com/tm/androidcopysdk/model/CallRtcMode.java","FOUND","Remaining reference found"
2025-05-18 13:10:48,WARN,AUDIT,"/home/john/Documents/GitHub/TM-SGNL-Android/app/libs/androidcopysdk-signal/sources/com/tm/androidcopysdk/model/ChatType.java","FOUND","Remaining reference found"
2025-05-18 13:10:48,WARN,AUDIT,"/home/john/Documents/GitHub/TM-SGNL-Android/app/libs/androidcopysdk-signal/sources/com/tm/androidcopysdk/model/ClientType.java","FOUND","Remaining reference found"
2025-05-18 13:10:48,WARN,AUDIT,"/home/john/Documents/GitHub/TM-SGNL-Android/app/libs/androidcopysdk-signal/sources/com/tm/androidcopysdk/model/Direction.java","FOUND","Remaining reference found"
2025-05-18 13:10:48,WARN,AUDIT,"/home/john/Documents/GitHub/TM-SGNL-Android/app/libs/androidcopysdk-signal/sources/com/tm/androidcopysdk/model/MessageAttachmentStatus.java","FOUND","Remaining reference found"
2025-05-18 13:10:48,WARN,AUDIT,"/home/john/Documents/GitHub/TM-SGNL-Android/app/libs/androidcopysdk-signal/sources/com/tm/androidcopysdk/model/MessageStatus.java","FOUND","Remaining reference found"
2025-05-18 13:10:48,WARN,AUDIT,"/home/john/Documents/GitHub/TM-SGNL-Android/app/libs/androidcopysdk-signal/sources/com/tm/androidcopysdk/model/TimeUnit.java","FOUND","Remaining reference found"
2025-05-18 13:10:48,WARN,AUDIT,"/home/john/Documents/GitHub/TM-SGNL-Android/app/libs/androidcopysdk-signal/sources/com/tm/androidcopysdk/model/Timestamp.java","FOUND","Remaining reference found"
2025-05-18 13:10:48,WARN,AUDIT,"/home/john/Documents/GitHub/TM-SGNL-Android/app/libs/androidcopysdk-signal/sources/com/tm/androidcopysdk/model/resource/ResourceStatus.java","FOUND","Remaining reference found"
2025-05-18 13:10:48,WARN,AUDIT,"/home/john/Documents/GitHub/TM-SGNL-Android/app/libs/androidcopysdk-signal/sources/com/tm/androidcopysdk/network/AndroidCopyServerAPI.java","FOUND","Remaining reference found"
2025-05-18 13:10:49,WARN,AUDIT,"/home/john/Documents/GitHub/TM-SGNL-Android/app/libs/androidcopysdk-signal/sources/com/tm/androidcopysdk/network/Attachment.java","FOUND","Remaining reference found"
2025-05-18 13:10:49,WARN,AUDIT,"/home/john/Documents/GitHub/TM-SGNL-Android/app/libs/androidcopysdk-signal/sources/com/tm/androidcopysdk/network/AuthententicationDetails.java","FOUND","Remaining reference found"
2025-05-18 13:10:49,WARN,AUDIT,"/home/john/Documents/GitHub/TM-SGNL-Android/app/libs/androidcopysdk-signal/sources/com/tm/androidcopysdk/network/AuthententicationDetails2.java","FOUND","Remaining reference found"
2025-05-18 13:10:49,WARN,AUDIT,"/home/john/Documents/GitHub/TM-SGNL-Android/app/libs/androidcopysdk-signal/sources/com/tm/androidcopysdk/network/AuthenticationDetails.java","FOUND","Remaining reference found"
2025-05-18 13:10:49,WARN,AUDIT,"/home/john/Documents/GitHub/TM-SGNL-Android/app/libs/androidcopysdk-signal/sources/com/tm/androidcopysdk/network/Base/ServerBaseResponse.java","FOUND","Remaining reference found"
2025-05-18 13:10:49,WARN,AUDIT,"/home/john/Documents/GitHub/TM-SGNL-Android/app/libs/androidcopysdk-signal/sources/com/tm/androidcopysdk/network/BodyBase.java","FOUND","Remaining reference found"
2025-05-18 13:10:49,WARN,AUDIT,"/home/john/Documents/GitHub/TM-SGNL-Android/app/libs/androidcopysdk-signal/sources/com/tm/androidcopysdk/network/CallLogMessageRecorder.java","FOUND","Remaining reference found"
2025-05-18 13:10:49,WARN,AUDIT,"/home/john/Documents/GitHub/TM-SGNL-Android/app/libs/androidcopysdk-signal/sources/com/tm/androidcopysdk/network/CallRequestBody.java","FOUND","Remaining reference found"
2025-05-18 13:10:49,WARN,AUDIT,"/home/john/Documents/GitHub/TM-SGNL-Android/app/libs/androidcopysdk-signal/sources/com/tm/androidcopysdk/network/ContactName.java","FOUND","Remaining reference found"
2025-05-18 13:10:49,WARN,AUDIT,"/home/john/Documents/GitHub/TM-SGNL-Android/app/libs/androidcopysdk-signal/sources/com/tm/androidcopysdk/network/DateConverter.java","FOUND","Remaining reference found"
2025-05-18 13:10:49,WARN,AUDIT,"/home/john/Documents/GitHub/TM-SGNL-Android/app/libs/androidcopysdk-signal/sources/com/tm/androidcopysdk/network/DefaultNetworkProvider.java","FOUND","Remaining reference found"
2025-05-18 13:10:49,WARN,AUDIT,"/home/john/Documents/GitHub/TM-SGNL-Android/app/libs/androidcopysdk-signal/sources/com/tm/androidcopysdk/network/EnaMmsRequestBody.java","FOUND","Remaining reference found"
2025-05-18 13:10:49,WARN,AUDIT,"/home/john/Documents/GitHub/TM-SGNL-Android/app/libs/androidcopysdk-signal/sources/com/tm/androidcopysdk/network/EnrichedContact.java","FOUND","Remaining reference found"
2025-05-18 13:10:49,WARN,AUDIT,"/home/john/Documents/GitHub/TM-SGNL-Android/app/libs/androidcopysdk-signal/sources/com/tm/androidcopysdk/network/EnsureRequest.java","FOUND","Remaining reference found"
2025-05-18 13:10:49,WARN,AUDIT,"/home/john/Documents/GitHub/TM-SGNL-Android/app/libs/androidcopysdk-signal/sources/com/tm/androidcopysdk/network/FileMessages.java","FOUND","Remaining reference found"
2025-05-18 13:10:49,WARN,AUDIT,"/home/john/Documents/GitHub/TM-SGNL-Android/app/libs/androidcopysdk-signal/sources/com/tm/androidcopysdk/network/GetAuthenticationToken.java","FOUND","Remaining reference found"
2025-05-18 13:10:49,WARN,AUDIT,"/home/john/Documents/GitHub/TM-SGNL-Android/app/libs/androidcopysdk-signal/sources/com/tm/androidcopysdk/network/IssueReportMessageBody.java","FOUND","Remaining reference found"
2025-05-18 13:10:49,WARN,AUDIT,"/home/john/Documents/GitHub/TM-SGNL-Android/app/libs/androidcopysdk-signal/sources/com/tm/androidcopysdk/network/JsonScope.java","FOUND","Remaining reference found"
2025-05-18 13:10:49,WARN,AUDIT,"/home/john/Documents/GitHub/TM-SGNL-Android/app/libs/androidcopysdk-signal/sources/com/tm/androidcopysdk/network/JsonWriter.java","FOUND","Remaining reference found"
2025-05-18 13:10:49,WARN,AUDIT,"/home/john/Documents/GitHub/TM-SGNL-Android/app/libs/androidcopysdk-signal/sources/com/tm/androidcopysdk/network/MMSMessageRecorder.java","FOUND","Remaining reference found"
2025-05-18 13:10:49,WARN,AUDIT,"/home/john/Documents/GitHub/TM-SGNL-Android/app/libs/androidcopysdk-signal/sources/com/tm/androidcopysdk/network/Message.java","FOUND","Remaining reference found"
2025-05-18 13:10:49,WARN,AUDIT,"/home/john/Documents/GitHub/TM-SGNL-Android/app/libs/androidcopysdk-signal/sources/com/tm/androidcopysdk/network/MmsRequestBody.java","FOUND","Remaining reference found"
2025-05-18 13:10:49,WARN,AUDIT,"/home/john/Documents/GitHub/TM-SGNL-Android/app/libs/androidcopysdk-signal/sources/com/tm/androidcopysdk/network/NetworkConstance.java","FOUND","Remaining reference found"
2025-05-18 13:10:49,WARN,AUDIT,"/home/john/Documents/GitHub/TM-SGNL-Android/app/libs/androidcopysdk-signal/sources/com/tm/androidcopysdk/network/NetworkManager.java","FOUND","Remaining reference found"
2025-05-18 13:10:49,WARN,AUDIT,"/home/john/Documents/GitHub/TM-SGNL-Android/app/libs/androidcopysdk-signal/sources/com/tm/androidcopysdk/network/NetworkManagerAPIUtil.java","FOUND","Remaining reference found"
2025-05-18 13:10:49,WARN,AUDIT,"/home/john/Documents/GitHub/TM-SGNL-Android/app/libs/androidcopysdk-signal/sources/com/tm/androidcopysdk/network/Properities.java","FOUND","Remaining reference found"
2025-05-18 13:10:49,WARN,AUDIT,"/home/john/Documents/GitHub/TM-SGNL-Android/app/libs/androidcopysdk-signal/sources/com/tm/androidcopysdk/network/Reciepients.java","FOUND","Remaining reference found"
2025-05-18 13:10:49,WARN,AUDIT,"/home/john/Documents/GitHub/TM-SGNL-Android/app/libs/androidcopysdk-signal/sources/com/tm/androidcopysdk/network/ReportLogs.java","FOUND","Remaining reference found"
2025-05-18 13:10:49,WARN,AUDIT,"/home/john/Documents/GitHub/TM-SGNL-Android/app/libs/androidcopysdk-signal/sources/com/tm/androidcopysdk/network/ReportMessage.java","FOUND","Remaining reference found"
2025-05-18 13:10:49,WARN,AUDIT,"/home/john/Documents/GitHub/TM-SGNL-Android/app/libs/androidcopysdk-signal/sources/com/tm/androidcopysdk/network/Response.java","FOUND","Remaining reference found"
2025-05-18 13:10:49,WARN,AUDIT,"/home/john/Documents/GitHub/TM-SGNL-Android/app/libs/androidcopysdk-signal/sources/com/tm/androidcopysdk/network/SMSEVENTMessageRecord.java","FOUND","Remaining reference found"
2025-05-18 13:10:49,WARN,AUDIT,"/home/john/Documents/GitHub/TM-SGNL-Android/app/libs/androidcopysdk-signal/sources/com/tm/androidcopysdk/network/SMSMessageRecord.java","FOUND","Remaining reference found"
2025-05-18 13:10:49,WARN,AUDIT,"/home/john/Documents/GitHub/TM-SGNL-Android/app/libs/androidcopysdk-signal/sources/com/tm/androidcopysdk/network/SSLFactoryUtils.java","FOUND","Remaining reference found"
2025-05-18 13:10:49,WARN,AUDIT,"/home/john/Documents/GitHub/TM-SGNL-Android/app/libs/androidcopysdk-signal/sources/com/tm/androidcopysdk/network/SendLogsRequestBody.java","FOUND","Remaining reference found"
2025-05-18 13:10:49,WARN,AUDIT,"/home/john/Documents/GitHub/TM-SGNL-Android/app/libs/androidcopysdk-signal/sources/com/tm/androidcopysdk/network/TMEnsureIPManager.java","FOUND","Remaining reference found"
2025-05-18 13:10:49,WARN,AUDIT,"/home/john/Documents/GitHub/TM-SGNL-Android/app/libs/androidcopysdk-signal/sources/com/tm/androidcopysdk/network/TMUpdateVersionManager.java","FOUND","Remaining reference found"
2025-05-18 13:10:49,WARN,AUDIT,"/home/john/Documents/GitHub/TM-SGNL-Android/app/libs/androidcopysdk-signal/sources/com/tm/androidcopysdk/network/TeleMessageMMSArchive.java","FOUND","Remaining reference found"
2025-05-18 13:10:49,WARN,AUDIT,"/home/john/Documents/GitHub/TM-SGNL-Android/app/libs/androidcopysdk-signal/sources/com/tm/androidcopysdk/network/TelemessageArchiverMessage.java","FOUND","Remaining reference found"
2025-05-18 13:10:49,WARN,AUDIT,"/home/john/Documents/GitHub/TM-SGNL-Android/app/libs/androidcopysdk-signal/sources/com/tm/androidcopysdk/network/UpdateUserResponse.java","FOUND","Remaining reference found"
2025-05-18 13:10:49,WARN,AUDIT,"/home/john/Documents/GitHub/TM-SGNL-Android/app/libs/androidcopysdk-signal/sources/com/tm/androidcopysdk/network/UpdateVersionRequest.java","FOUND","Remaining reference found"
2025-05-18 13:10:49,WARN,AUDIT,"/home/john/Documents/GitHub/TM-SGNL-Android/app/libs/androidcopysdk-signal/sources/com/tm/androidcopysdk/network/UserFields.java","FOUND","Remaining reference found"
2025-05-18 13:10:49,WARN,AUDIT,"/home/john/Documents/GitHub/TM-SGNL-Android/app/libs/androidcopysdk-signal/sources/com/tm/androidcopysdk/network/VersionAutomaticRollOutRequest.java","FOUND","Remaining reference found"
2025-05-18 13:10:49,WARN,AUDIT,"/home/john/Documents/GitHub/TM-SGNL-Android/app/libs/androidcopysdk-signal/sources/com/tm/androidcopysdk/network/appSettings/ServerAppSettingsRequest.java","FOUND","Remaining reference found"
2025-05-18 13:10:49,WARN,AUDIT,"/home/john/Documents/GitHub/TM-SGNL-Android/app/libs/androidcopysdk-signal/sources/com/tm/androidcopysdk/network/appSettings/ServerAppSettingsResponse.java","FOUND","Remaining reference found"
2025-05-18 13:10:49,WARN,AUDIT,"/home/john/Documents/GitHub/TM-SGNL-Android/app/libs/androidcopysdk-signal/sources/com/tm/androidcopysdk/network/appSettings/Settings.java","FOUND","Remaining reference found"
2025-05-18 13:10:49,WARN,AUDIT,"/home/john/Documents/GitHub/TM-SGNL-Android/app/libs/androidcopysdk-signal/sources/com/tm/androidcopysdk/network/appSettings/UpdateEvent.java","FOUND","Remaining reference found"
2025-05-18 13:10:49,WARN,AUDIT,"/home/john/Documents/GitHub/TM-SGNL-Android/app/libs/androidcopysdk-signal/sources/com/tm/androidcopysdk/network/appSettings/WorkerIntentService.java","FOUND","Remaining reference found"
2025-05-18 13:10:49,WARN,AUDIT,"/home/john/Documents/GitHub/TM-SGNL-Android/app/libs/androidcopysdk-signal/sources/com/tm/androidcopysdk/network/interceptor/DefaultHeadersInterceptor.java","FOUND","Remaining reference found"
2025-05-18 13:10:49,WARN,AUDIT,"/home/john/Documents/GitHub/TM-SGNL-Android/app/libs/androidcopysdk-signal/sources/com/tm/androidcopysdk/network/interceptor/LoggingInterceptor.java","FOUND","Remaining reference found"
2025-05-18 13:10:49,WARN,AUDIT,"/home/john/Documents/GitHub/TM-SGNL-Android/app/libs/androidcopysdk-signal/sources/com/tm/androidcopysdk/network/interceptor/NetworkLogLevel.java","FOUND","Remaining reference found"
2025-05-18 13:10:49,WARN,AUDIT,"/home/john/Documents/GitHub/TM-SGNL-Android/app/libs/androidcopysdk-signal/sources/com/tm/androidcopysdk/network/interceptor/SocgenHeadersInterceptor.java","FOUND","Remaining reference found"
2025-05-18 13:10:49,WARN,AUDIT,"/home/john/Documents/GitHub/TM-SGNL-Android/app/libs/androidcopysdk-signal/sources/com/tm/androidcopysdk/network/keepAlive/KeepALiveResponse.java","FOUND","Remaining reference found"
2025-05-18 13:10:49,WARN,AUDIT,"/home/john/Documents/GitHub/TM-SGNL-Android/app/libs/androidcopysdk-signal/sources/com/tm/androidcopysdk/network/keepAlive/KeepAliveEvent.java","FOUND","Remaining reference found"
2025-05-18 13:10:49,WARN,AUDIT,"/home/john/Documents/GitHub/TM-SGNL-Android/app/libs/androidcopysdk-signal/sources/com/tm/androidcopysdk/network/keepAlive/KeepAliveRequest.java","FOUND","Remaining reference found"
2025-05-18 13:10:49,WARN,AUDIT,"/home/john/Documents/GitHub/TM-SGNL-Android/app/libs/androidcopysdk-signal/sources/com/tm/androidcopysdk/network/keepAlive/KeepAliveRequestV3.java","FOUND","Remaining reference found"
2025-05-18 13:10:49,WARN,AUDIT,"/home/john/Documents/GitHub/TM-SGNL-Android/app/libs/androidcopysdk-signal/sources/com/tm/androidcopysdk/network/keepAlive/KeepWorkerIntentService.java","FOUND","Remaining reference found"
2025-05-18 13:10:49,WARN,AUDIT,"/home/john/Documents/GitHub/TM-SGNL-Android/app/libs/androidcopysdk-signal/sources/com/tm/androidcopysdk/recorder/AudioRecordNative.java","FOUND","Remaining reference found"
2025-05-18 13:10:49,WARN,AUDIT,"/home/john/Documents/GitHub/TM-SGNL-Android/app/libs/androidcopysdk-signal/sources/com/tm/androidcopysdk/recorder/IAudioRecorder.java","FOUND","Remaining reference found"
2025-05-18 13:10:49,WARN,AUDIT,"/home/john/Documents/GitHub/TM-SGNL-Android/app/libs/androidcopysdk-signal/sources/com/tm/androidcopysdk/recorder/MyAudioFormat.java","FOUND","Remaining reference found"
2025-05-18 13:10:49,WARN,AUDIT,"/home/john/Documents/GitHub/TM-SGNL-Android/app/libs/androidcopysdk-signal/sources/com/tm/androidcopysdk/recorder/MyAudioRecord.java","FOUND","Remaining reference found"
2025-05-18 13:10:49,WARN,AUDIT,"/home/john/Documents/GitHub/TM-SGNL-Android/app/libs/androidcopysdk-signal/sources/com/tm/androidcopysdk/recorder/NativeWavRecorder.java","FOUND","Remaining reference found"
2025-05-18 13:10:49,WARN,AUDIT,"/home/john/Documents/GitHub/TM-SGNL-Android/app/libs/androidcopysdk-signal/sources/com/tm/androidcopysdk/recorder/RecorderBase.java","FOUND","Remaining reference found"
2025-05-18 13:10:49,WARN,AUDIT,"/home/john/Documents/GitHub/TM-SGNL-Android/app/libs/androidcopysdk-signal/sources/com/tm/androidcopysdk/recorder/RecorderFactory.java","FOUND","Remaining reference found"
2025-05-18 13:10:49,WARN,AUDIT,"/home/john/Documents/GitHub/TM-SGNL-Android/app/libs/androidcopysdk-signal/sources/com/tm/androidcopysdk/recorder/WavAudioRecorder.java","FOUND","Remaining reference found"
2025-05-18 13:10:49,WARN,AUDIT,"/home/john/Documents/GitHub/TM-SGNL-Android/app/libs/androidcopysdk-signal/sources/com/tm/androidcopysdk/recorder/Wave.java","FOUND","Remaining reference found"
2025-05-18 13:10:49,WARN,AUDIT,"/home/john/Documents/GitHub/TM-SGNL-Android/app/libs/androidcopysdk-signal/sources/com/tm/androidcopysdk/recorder/igalCode/IgalAudioRecord.java","FOUND","Remaining reference found"
2025-05-18 13:10:49,WARN,AUDIT,"/home/john/Documents/GitHub/TM-SGNL-Android/app/libs/androidcopysdk-signal/sources/com/tm/androidcopysdk/recorder/igalCode/IgalCallRecorderService.java","FOUND","Remaining reference found"
2025-05-18 13:10:49,WARN,AUDIT,"/home/john/Documents/GitHub/TM-SGNL-Android/app/libs/androidcopysdk-signal/sources/com/tm/androidcopysdk/recorder/igalCode/IgalWavAudioRecorder.java","FOUND","Remaining reference found"
2025-05-18 13:10:49,WARN,AUDIT,"/home/john/Documents/GitHub/TM-SGNL-Android/app/libs/androidcopysdk-signal/sources/com/tm/androidcopysdk/recorder/igalCode/mic/IaglLibLoader.java","FOUND","Remaining reference found"
2025-05-18 13:10:49,WARN,AUDIT,"/home/john/Documents/GitHub/TM-SGNL-Android/app/libs/androidcopysdk-signal/sources/com/tm/androidcopysdk/recorder/igalCode/mic/IgalCallRecorderFromMic.java","FOUND","Remaining reference found"
2025-05-18 13:10:49,WARN,AUDIT,"/home/john/Documents/GitHub/TM-SGNL-Android/app/libs/androidcopysdk-signal/sources/com/tm/androidcopysdk/recorder/igalCode/mic/IgalCallRecorderFromMicHelper.java","FOUND","Remaining reference found"
2025-05-18 13:10:49,WARN,AUDIT,"/home/john/Documents/GitHub/TM-SGNL-Android/app/libs/androidcopysdk-signal/sources/com/tm/androidcopysdk/recorder/igalCode/mic/IgalRecorderHelper.java","FOUND","Remaining reference found"
2025-05-18 13:10:49,WARN,AUDIT,"/home/john/Documents/GitHub/TM-SGNL-Android/app/libs/androidcopysdk-signal/sources/com/tm/androidcopysdk/recorder/mic/CallRecorderFromMic.java","FOUND","Remaining reference found"
2025-05-18 13:10:49,WARN,AUDIT,"/home/john/Documents/GitHub/TM-SGNL-Android/app/libs/androidcopysdk-signal/sources/com/tm/androidcopysdk/recorder/mic/CallRecorderFromMicHelper.java","FOUND","Remaining reference found"
2025-05-18 13:10:49,WARN,AUDIT,"/home/john/Documents/GitHub/TM-SGNL-Android/app/libs/androidcopysdk-signal/sources/com/tm/androidcopysdk/recorder/mic/LibLoader.java","FOUND","Remaining reference found"
2025-05-18 13:10:49,WARN,AUDIT,"/home/john/Documents/GitHub/TM-SGNL-Android/app/libs/androidcopysdk-signal/sources/com/tm/androidcopysdk/recorder/mic/RecorderHelper.java","FOUND","Remaining reference found"
2025-05-18 13:10:49,WARN,AUDIT,"/home/john/Documents/GitHub/TM-SGNL-Android/app/libs/androidcopysdk-signal/sources/com/tm/androidcopysdk/utils/A2PUtils.java","FOUND","Remaining reference found"
2025-05-18 13:10:49,WARN,AUDIT,"/home/john/Documents/GitHub/TM-SGNL-Android/app/libs/androidcopysdk-signal/sources/com/tm/androidcopysdk/utils/Contact.java","FOUND","Remaining reference found"
2025-05-18 13:10:49,WARN,AUDIT,"/home/john/Documents/GitHub/TM-SGNL-Android/app/libs/androidcopysdk-signal/sources/com/tm/androidcopysdk/utils/ContactsUtils.java","FOUND","Remaining reference found"
2025-05-18 13:10:49,WARN,AUDIT,"/home/john/Documents/GitHub/TM-SGNL-Android/app/libs/androidcopysdk-signal/sources/com/tm/androidcopysdk/utils/ContentExtensions$register$1.java","FOUND","Remaining reference found"
2025-05-18 13:10:49,WARN,AUDIT,"/home/john/Documents/GitHub/TM-SGNL-Android/app/libs/androidcopysdk-signal/sources/com/tm/androidcopysdk/utils/ContentExtensions.java","FOUND","Remaining reference found"
2025-05-18 13:10:49,WARN,AUDIT,"/home/john/Documents/GitHub/TM-SGNL-Android/app/libs/androidcopysdk-signal/sources/com/tm/androidcopysdk/utils/DualSimUtils.java","FOUND","Remaining reference found"
2025-05-18 13:10:49,WARN,AUDIT,"/home/john/Documents/GitHub/TM-SGNL-Android/app/libs/androidcopysdk-signal/sources/com/tm/androidcopysdk/utils/FlavorSettings.java","FOUND","Remaining reference found"
2025-05-18 13:10:49,WARN,AUDIT,"/home/john/Documents/GitHub/TM-SGNL-Android/app/libs/androidcopysdk-signal/sources/com/tm/androidcopysdk/utils/FlavorSettingsBase.java","FOUND","Remaining reference found"
2025-05-18 13:10:49,WARN,AUDIT,"/home/john/Documents/GitHub/TM-SGNL-Android/app/libs/androidcopysdk-signal/sources/com/tm/androidcopysdk/utils/IsAliveReceiver.java","FOUND","Remaining reference found"
2025-05-18 13:10:49,WARN,AUDIT,"/home/john/Documents/GitHub/TM-SGNL-Android/app/libs/androidcopysdk-signal/sources/com/tm/androidcopysdk/utils/MDMReceiver.java","FOUND","Remaining reference found"
2025-05-18 13:10:49,WARN,AUDIT,"/home/john/Documents/GitHub/TM-SGNL-Android/app/libs/androidcopysdk-signal/sources/com/tm/androidcopysdk/utils/PhoneValidateResponse.java","FOUND","Remaining reference found"
2025-05-18 13:10:49,WARN,AUDIT,"/home/john/Documents/GitHub/TM-SGNL-Android/app/libs/androidcopysdk-signal/sources/com/tm/androidcopysdk/utils/PrefManager.java","FOUND","Remaining reference found"
2025-05-18 13:10:49,WARN,AUDIT,"/home/john/Documents/GitHub/TM-SGNL-Android/app/libs/androidcopysdk-signal/sources/com/tm/androidcopysdk/utils/PrefManagerConstants.java","FOUND","Remaining reference found"
2025-05-18 13:10:49,WARN,AUDIT,"/home/john/Documents/GitHub/TM-SGNL-Android/app/libs/androidcopysdk-signal/sources/com/tm/androidcopysdk/utils/RuntimeObject.java","FOUND","Remaining reference found"
2025-05-18 13:10:49,WARN,AUDIT,"/home/john/Documents/GitHub/TM-SGNL-Android/app/libs/androidcopysdk-signal/sources/com/tm/androidcopysdk/utils/StartConverEvent.java","FOUND","Remaining reference found"
2025-05-18 13:10:49,WARN,AUDIT,"/home/john/Documents/GitHub/TM-SGNL-Android/app/libs/androidcopysdk-signal/sources/com/tm/androidcopysdk/utils/StringObjects.java","FOUND","Remaining reference found"
2025-05-18 13:10:49,WARN,AUDIT,"/home/john/Documents/GitHub/TM-SGNL-Android/app/libs/androidcopysdk-signal/sources/com/tm/androidcopysdk/utils/StringsFlavorsUtils.java","FOUND","Remaining reference found"
2025-05-18 13:10:49,WARN,AUDIT,"/home/john/Documents/GitHub/TM-SGNL-Android/app/libs/androidcopysdk-signal/sources/com/tm/androidcopysdk/utils/TMCredentialsStore.java","FOUND","Remaining reference found"
2025-05-18 13:10:49,WARN,AUDIT,"/home/john/Documents/GitHub/TM-SGNL-Android/app/libs/androidcopysdk-signal/sources/com/tm/androidcopysdk/version_aoutomatic_rollout/ApplicationVersion.java","FOUND","Remaining reference found"
2025-05-18 13:10:49,WARN,AUDIT,"/home/john/Documents/GitHub/TM-SGNL-Android/app/libs/androidcopysdk-signal/sources/com/tm/androidcopysdk/version_aoutomatic_rollout/VersionAutomaticRollOutManager.java","FOUND","Remaining reference found"
2025-05-18 13:10:49,WARN,AUDIT,"/home/john/Documents/GitHub/TM-SGNL-Android/app/libs/androidcopysdk-signal/sources/com/tm/androidcopysdk/version_aoutomatic_rollout/VersionAutomaticRollOutManagerKt.java","FOUND","Remaining reference found"
2025-05-18 13:10:49,WARN,AUDIT,"/home/john/Documents/GitHub/TM-SGNL-Android/app/libs/androidcopysdk-signal/sources/com/tm/androidcopysdk/version_aoutomatic_rollout/VersionAutomaticRollOutModel.java","FOUND","Remaining reference found"
2025-05-18 13:10:49,WARN,AUDIT,"/home/john/Documents/GitHub/TM-SGNL-Android/app/libs/androidcopysdk-signal/sources/com/tm/androidcopysdk/version_aoutomatic_rollout/VersionAutomaticRollOutWorker.java","FOUND","Remaining reference found"
2025-05-18 13:10:49,WARN,AUDIT,"/home/john/Documents/GitHub/TM-SGNL-Android/app/libs/authenticatorsdk-signal/resources/AndroidManifest.xml","FOUND","Remaining reference found"
2025-05-18 13:10:49,WARN,AUDIT,"/home/john/Documents/GitHub/TM-SGNL-Android/app/libs/authenticatorsdk-signal/resources/res/values/values.xml","FOUND","Remaining reference found"
2025-05-18 13:10:49,WARN,AUDIT,"/home/john/Documents/GitHub/TM-SGNL-Android/app/libs/authenticatorsdk-signal/sources/com/mindorks/retrofit/coroutines/data/api/ApiHelper.java","FOUND","Remaining reference found"
2025-05-18 13:10:49,WARN,AUDIT,"/home/john/Documents/GitHub/TM-SGNL-Android/app/libs/authenticatorsdk-signal/sources/com/mindorks/retrofit/coroutines/data/api/ApiService.java","FOUND","Remaining reference found"
2025-05-18 13:10:49,WARN,AUDIT,"/home/john/Documents/GitHub/TM-SGNL-Android/app/libs/authenticatorsdk-signal/sources/com/tm/authenticatorsdk/AppSignatureHelper.java","FOUND","Remaining reference found"
2025-05-18 13:10:49,WARN,AUDIT,"/home/john/Documents/GitHub/TM-SGNL-Android/app/libs/authenticatorsdk-signal/sources/com/tm/authenticatorsdk/BuildConfig.java","FOUND","Remaining reference found"
2025-05-18 13:10:49,WARN,AUDIT,"/home/john/Documents/GitHub/TM-SGNL-Android/app/libs/authenticatorsdk-signal/sources/com/tm/authenticatorsdk/mamsdk/AppAccount.java","FOUND","Remaining reference found"
2025-05-18 13:10:49,WARN,AUDIT,"/home/john/Documents/GitHub/TM-SGNL-Android/app/libs/authenticatorsdk-signal/sources/com/tm/authenticatorsdk/mamsdk/AppSettings.java","FOUND","Remaining reference found"
2025-05-18 13:10:49,WARN,AUDIT,"/home/john/Documents/GitHub/TM-SGNL-Android/app/libs/authenticatorsdk-signal/sources/com/tm/authenticatorsdk/mamsdk/AuthenticationCallback.java","FOUND","Remaining reference found"
2025-05-18 13:10:49,WARN,AUDIT,"/home/john/Documents/GitHub/TM-SGNL-Android/app/libs/authenticatorsdk-signal/sources/com/tm/authenticatorsdk/mamsdk/IMDMAuthenticator.java","FOUND","Remaining reference found"
2025-05-18 13:10:49,WARN,AUDIT,"/home/john/Documents/GitHub/TM-SGNL-Android/app/libs/authenticatorsdk-signal/sources/com/tm/authenticatorsdk/mamsdk/MDMAuthenticator$manageNetwork$1.java","FOUND","Remaining reference found"
2025-05-18 13:10:49,WARN,AUDIT,"/home/john/Documents/GitHub/TM-SGNL-Android/app/libs/authenticatorsdk-signal/sources/com/tm/authenticatorsdk/mamsdk/MDMAuthenticator.java","FOUND","Remaining reference found"
2025-05-18 13:10:49,WARN,AUDIT,"/home/john/Documents/GitHub/TM-SGNL-Android/app/libs/authenticatorsdk-signal/sources/com/tm/authenticatorsdk/mamsdk/MDMAuthenticatorKt.java","FOUND","Remaining reference found"
2025-05-18 13:10:49,WARN,AUDIT,"/home/john/Documents/GitHub/TM-SGNL-Android/app/libs/authenticatorsdk-signal/sources/com/tm/authenticatorsdk/mamsdk/MSALUtil.java","FOUND","Remaining reference found"
2025-05-18 13:10:49,WARN,AUDIT,"/home/john/Documents/GitHub/TM-SGNL-Android/app/libs/authenticatorsdk-signal/sources/com/tm/authenticatorsdk/mamsdk/network/AuthMDMRepository$ensureIP$2.java","FOUND","Remaining reference found"
2025-05-18 13:10:49,WARN,AUDIT,"/home/john/Documents/GitHub/TM-SGNL-Android/app/libs/authenticatorsdk-signal/sources/com/tm/authenticatorsdk/mamsdk/network/AuthMDMRepository.java","FOUND","Remaining reference found"
2025-05-18 13:10:49,WARN,AUDIT,"/home/john/Documents/GitHub/TM-SGNL-Android/app/libs/authenticatorsdk-signal/sources/com/tm/authenticatorsdk/mamsdk/network/MDMAuthenticationAPI.java","FOUND","Remaining reference found"
2025-05-18 13:10:49,WARN,AUDIT,"/home/john/Documents/GitHub/TM-SGNL-Android/app/libs/authenticatorsdk-signal/sources/com/tm/authenticatorsdk/mamsdk/network/RequestBody.java","FOUND","Remaining reference found"
2025-05-18 13:10:49,WARN,AUDIT,"/home/john/Documents/GitHub/TM-SGNL-Android/app/libs/authenticatorsdk-signal/sources/com/tm/authenticatorsdk/mamsdk/network/ResponseBody.java","FOUND","Remaining reference found"
2025-05-18 13:10:49,WARN,AUDIT,"/home/john/Documents/GitHub/TM-SGNL-Android/app/libs/authenticatorsdk-signal/sources/com/tm/authenticatorsdk/mamsdk/network/UserFields.java","FOUND","Remaining reference found"
2025-05-18 13:10:49,WARN,AUDIT,"/home/john/Documents/GitHub/TM-SGNL-Android/app/libs/authenticatorsdk-signal/sources/com/tm/authenticatorsdk/selfAuthenticator/AuthenticationAppType.java","FOUND","Remaining reference found"
2025-05-18 13:10:49,WARN,AUDIT,"/home/john/Documents/GitHub/TM-SGNL-Android/app/libs/authenticatorsdk-signal/sources/com/tm/authenticatorsdk/selfAuthenticator/AuthenticatorConstants.java","FOUND","Remaining reference found"
2025-05-18 13:10:49,WARN,AUDIT,"/home/john/Documents/GitHub/TM-SGNL-Android/app/libs/authenticatorsdk-signal/sources/com/tm/authenticatorsdk/selfAuthenticator/FCMUtils.java","FOUND","Remaining reference found"
2025-05-18 13:10:49,WARN,AUDIT,"/home/john/Documents/GitHub/TM-SGNL-Android/app/libs/authenticatorsdk-signal/sources/com/tm/authenticatorsdk/selfAuthenticator/IAuthenticationStatus.java","FOUND","Remaining reference found"
2025-05-18 13:10:49,WARN,AUDIT,"/home/john/Documents/GitHub/TM-SGNL-Android/app/libs/authenticatorsdk-signal/sources/com/tm/authenticatorsdk/selfAuthenticator/IEnsureIpDataArrived.java","FOUND","Remaining reference found"
2025-05-18 13:10:49,WARN,AUDIT,"/home/john/Documents/GitHub/TM-SGNL-Android/app/libs/authenticatorsdk-signal/sources/com/tm/authenticatorsdk/selfAuthenticator/IFCMTokenArrived.java","FOUND","Remaining reference found"
2025-05-18 13:10:49,WARN,AUDIT,"/home/john/Documents/GitHub/TM-SGNL-Android/app/libs/authenticatorsdk-signal/sources/com/tm/authenticatorsdk/selfAuthenticator/IOnCredentialsArrived.java","FOUND","Remaining reference found"
2025-05-18 13:10:49,WARN,AUDIT,"/home/john/Documents/GitHub/TM-SGNL-Android/app/libs/authenticatorsdk-signal/sources/com/tm/authenticatorsdk/selfAuthenticator/SelfAuthenticator$getUserCredentials$1.java","FOUND","Remaining reference found"
2025-05-18 13:10:49,WARN,AUDIT,"/home/john/Documents/GitHub/TM-SGNL-Android/app/libs/authenticatorsdk-signal/sources/com/tm/authenticatorsdk/selfAuthenticator/SelfAuthenticator$onFCMTokenArrived$1.java","FOUND","Remaining reference found"
2025-05-18 13:10:49,WARN,AUDIT,"/home/john/Documents/GitHub/TM-SGNL-Android/app/libs/authenticatorsdk-signal/sources/com/tm/authenticatorsdk/selfAuthenticator/SelfAuthenticator.java","FOUND","Remaining reference found"
2025-05-18 13:10:49,WARN,AUDIT,"/home/john/Documents/GitHub/TM-SGNL-Android/app/libs/authenticatorsdk-signal/sources/com/tm/authenticatorsdk/selfAuthenticator/api/ApiUtil.java","FOUND","Remaining reference found"
2025-05-18 13:10:49,WARN,AUDIT,"/home/john/Documents/GitHub/TM-SGNL-Android/app/libs/authenticatorsdk-signal/sources/com/tm/authenticatorsdk/selfAuthenticator/model/RetrieveOTP.java","FOUND","Remaining reference found"
2025-05-18 13:10:49,WARN,AUDIT,"/home/john/Documents/GitHub/TM-SGNL-Android/app/libs/authenticatorsdk-signal/sources/com/tm/authenticatorsdk/selfAuthenticator/model/UpdateUserResponse.java","FOUND","Remaining reference found"
2025-05-18 13:10:49,WARN,AUDIT,"/home/john/Documents/GitHub/TM-SGNL-Android/app/libs/authenticatorsdk-signal/sources/com/tm/authenticatorsdk/selfAuthenticator/model/UserFields.java","FOUND","Remaining reference found"
2025-05-18 13:10:49,WARN,AUDIT,"/home/john/Documents/GitHub/TM-SGNL-Android/app/libs/authenticatorsdk-signal/sources/com/tm/authenticatorsdk/socgen/AuthenticationListener.java","FOUND","Remaining reference found"
2025-05-18 13:10:49,WARN,AUDIT,"/home/john/Documents/GitHub/TM-SGNL-Android/app/libs/authenticatorsdk-signal/sources/com/tm/authenticatorsdk/socgen/AuthenticatorAPI.java","FOUND","Remaining reference found"
2025-05-18 13:10:49,WARN,AUDIT,"/home/john/Documents/GitHub/TM-SGNL-Android/app/libs/authenticatorsdk-signal/sources/com/tm/authenticatorsdk/socgen/AuthenticatorSDK.java","FOUND","Remaining reference found"
2025-05-18 13:10:49,WARN,AUDIT,"/home/john/Documents/GitHub/TM-SGNL-Android/app/libs/authenticatorsdk-signal/sources/com/tm/authenticatorsdk/socgen/ContatcUsFileProvider.java","FOUND","Remaining reference found"
2025-05-18 13:10:49,WARN,AUDIT,"/home/john/Documents/GitHub/TM-SGNL-Android/app/libs/authenticatorsdk-signal/sources/com/tm/authenticatorsdk/socgen/ErrorEvent.java","FOUND","Remaining reference found"
2025-05-18 13:10:49,WARN,AUDIT,"/home/john/Documents/GitHub/TM-SGNL-Android/app/libs/authenticatorsdk-signal/sources/com/tm/authenticatorsdk/socgen/FlavorSettings.java","FOUND","Remaining reference found"
2025-05-18 13:10:49,WARN,AUDIT,"/home/john/Documents/GitHub/TM-SGNL-Android/app/libs/authenticatorsdk-signal/sources/com/tm/authenticatorsdk/socgen/IReadPinFromSmsInterface.java","FOUND","Remaining reference found"
2025-05-18 13:10:49,WARN,AUDIT,"/home/john/Documents/GitHub/TM-SGNL-Android/app/libs/authenticatorsdk-signal/sources/com/tm/authenticatorsdk/socgen/MessageEvent.java","FOUND","Remaining reference found"
2025-05-18 13:10:49,WARN,AUDIT,"/home/john/Documents/GitHub/TM-SGNL-Android/app/libs/authenticatorsdk-signal/sources/com/tm/authenticatorsdk/socgen/NetworkConnectivityListener.java","FOUND","Remaining reference found"
2025-05-18 13:10:49,WARN,AUDIT,"/home/john/Documents/GitHub/TM-SGNL-Android/app/libs/authenticatorsdk-signal/sources/com/tm/authenticatorsdk/socgen/OnAuthNumberReceivedListener.java","FOUND","Remaining reference found"
2025-05-18 13:10:49,WARN,AUDIT,"/home/john/Documents/GitHub/TM-SGNL-Android/app/libs/authenticatorsdk-signal/sources/com/tm/authenticatorsdk/socgen/PinCodeEvent.java","FOUND","Remaining reference found"
2025-05-18 13:10:49,WARN,AUDIT,"/home/john/Documents/GitHub/TM-SGNL-Android/app/libs/authenticatorsdk-signal/sources/com/tm/authenticatorsdk/socgen/PinSMSBroadcastReceiver.java","FOUND","Remaining reference found"
2025-05-18 13:10:49,WARN,AUDIT,"/home/john/Documents/GitHub/TM-SGNL-Android/app/libs/authenticatorsdk-signal/sources/com/tm/authenticatorsdk/socgen/PinSmsHandler.java","FOUND","Remaining reference found"
2025-05-18 13:10:49,WARN,AUDIT,"/home/john/Documents/GitHub/TM-SGNL-Android/app/libs/authenticatorsdk-signal/sources/com/tm/authenticatorsdk/socgen/RetrieveCredentials/MultiUserFields.java","FOUND","Remaining reference found"
2025-05-18 13:10:49,WARN,AUDIT,"/home/john/Documents/GitHub/TM-SGNL-Android/app/libs/authenticatorsdk-signal/sources/com/tm/authenticatorsdk/socgen/RetrieveCredentials/RetrieveCredentialsReq.java","FOUND","Remaining reference found"
2025-05-18 13:10:49,WARN,AUDIT,"/home/john/Documents/GitHub/TM-SGNL-Android/app/libs/authenticatorsdk-signal/sources/com/tm/authenticatorsdk/socgen/RetrieveCredentials/UserResponse.java","FOUND","Remaining reference found"
2025-05-18 13:10:49,WARN,AUDIT,"/home/john/Documents/GitHub/TM-SGNL-Android/app/libs/authenticatorsdk-signal/sources/com/tm/authenticatorsdk/socgen/RetrieveOneTimePin/Response.java","FOUND","Remaining reference found"
2025-05-18 13:10:49,WARN,AUDIT,"/home/john/Documents/GitHub/TM-SGNL-Android/app/libs/authenticatorsdk-signal/sources/com/tm/authenticatorsdk/socgen/RetrieveOneTimePin/RetrieveOneTimePINExtReq.java","FOUND","Remaining reference found"
2025-05-18 13:10:49,WARN,AUDIT,"/home/john/Documents/GitHub/TM-SGNL-Android/app/libs/authenticatorsdk-signal/sources/com/tm/authenticatorsdk/socgen/SMSIncomingReceiver.java","FOUND","Remaining reference found"
2025-05-18 13:10:50,WARN,AUDIT,"/home/john/Documents/GitHub/TM-SGNL-Android/app/libs/authenticatorsdk-signal/sources/com/tm/authenticatorsdk/socgen/UI/ActivationActivity.java","FOUND","Remaining reference found"
2025-05-18 13:10:50,WARN,AUDIT,"/home/john/Documents/GitHub/TM-SGNL-Android/app/libs/authenticatorsdk-signal/sources/com/tm/authenticatorsdk/socgen/UI/SelfSignupActivity.java","FOUND","Remaining reference found"
2025-05-18 13:10:50,WARN,AUDIT,"/home/john/Documents/GitHub/TM-SGNL-Android/app/libs/authenticatorsdk-signal/sources/com/tm/authenticatorsdk/socgen/UI/SignUpBase.java","FOUND","Remaining reference found"
2025-05-18 13:10:50,WARN,AUDIT,"/home/john/Documents/GitHub/TM-SGNL-Android/app/libs/authenticatorsdk-signal/sources/com/tm/authenticatorsdk/socgen/UI/SignupActivity.java","FOUND","Remaining reference found"
2025-05-18 13:10:50,WARN,AUDIT,"/home/john/Documents/GitHub/TM-SGNL-Android/app/libs/authenticatorsdk-signal/sources/com/tm/authenticatorsdk/socgen/signup/CryptoUtil.java","FOUND","Remaining reference found"
2025-05-18 13:10:50,WARN,AUDIT,"/home/john/Documents/GitHub/TM-SGNL-Android/app/libs/authenticatorsdk-signal/sources/com/tm/authenticatorsdk/socgen/signup/SelfSignUpEvent.java","FOUND","Remaining reference found"
2025-05-18 13:10:50,WARN,AUDIT,"/home/john/Documents/GitHub/TM-SGNL-Android/app/libs/authenticatorsdk-signal/sources/com/tm/authenticatorsdk/socgen/signup/SelfSignupService.java","FOUND","Remaining reference found"
2025-05-18 13:10:50,WARN,AUDIT,"/home/john/Documents/GitHub/TM-SGNL-Android/app/libs/authenticatorsdk-signal/sources/com/tm/authenticatorsdk/socgen/signup/SelfSignupWorker.java","FOUND","Remaining reference found"
2025-05-18 13:10:50,WARN,AUDIT,"/home/john/Documents/GitHub/TM-SGNL-Android/app/libs/authenticatorsdk-signal/sources/com/tm/authenticatorsdk/socgen/signup/SignUpManager.java","FOUND","Remaining reference found"
2025-05-18 13:10:50,WARN,AUDIT,"/home/john/Documents/GitHub/TM-SGNL-Android/app/libs/authenticatorsdk-signal/sources/com/tm/authenticatorsdk/socgen/signup/SignupRequest.java","FOUND","Remaining reference found"
2025-05-18 13:10:50,WARN,AUDIT,"/home/john/Documents/GitHub/TM-SGNL-Android/app/libs/authenticatorsdk-signal/sources/com/tm/authenticatorsdk/socgen/signup/SignupResponse.java","FOUND","Remaining reference found"
2025-05-18 13:10:50,WARN,AUDIT,"/home/john/Documents/GitHub/TM-SGNL-Android/app/libs/authenticatorsdk-signal/sources/com/tm/authenticatorsdk/socgen/signup/UserFields.java","FOUND","Remaining reference found"
2025-05-18 13:10:50,WARN,AUDIT,"/home/john/Documents/GitHub/TM-SGNL-Android/app/libs/common/sources/com/tm/utils/Definitions.java","FOUND","Remaining reference found"
2025-05-18 13:10:56,WARN,AUDIT,"/home/john/Documents/GitHub/TM-SGNL-Android/app/src/main/java/org/tm/archive/registration/fragments/RegistrationViewDelegate.kt","FOUND","Remaining reference found"
2025-05-18 13:10:56,WARN,AUDIT,"/home/john/Documents/GitHub/TM-SGNL-Android/app/src/main/java/org/tm/archive/registration/fragments/WelcomeFragment.java","FOUND","Remaining reference found"
2025-05-18 13:10:56,WARN,AUDIT,"/home/john/Documents/GitHub/TM-SGNL-Android/app/src/main/java/org/tm/archive/service/webrtc/SignalCallManager.java","FOUND","Remaining reference found"
2025-05-18 13:11:03,WARN,AUDIT,"/home/john/Documents/GitHub/TM-SGNL-Android/app/src/tm/AndroidManifest.xml","FOUND","Remaining reference found"
2025-05-18 13:11:04,WARN,AUDIT,"/home/john/Documents/GitHub/TM-SGNL-Android/app/src/tm/java/org/selfAuthentication/SelfAuthenticatorManager.kt","FOUND","Remaining reference found"
2025-05-18 13:11:04,WARN,AUDIT,"/home/john/Documents/GitHub/TM-SGNL-Android/app/src/tm/java/org/tm/archive/BaseActivity.kt","FOUND","Remaining reference found"
2025-05-18 13:11:04,WARN,AUDIT,"/home/john/Documents/GitHub/TM-SGNL-Android/app/src/tm/res/values/colors.xml","FOUND","Remaining reference found"
2025-05-18 13:11:09,WARN,AUDIT,"/home/john/Documents/GitHub/TM-SGNL-Android/backup_telemessage_20250518_130837/app/src/tm/java/archiver/converter/SignalArchiveMessageConverter.kt","FOUND","Remaining reference found"
2025-05-18 13:11:09,WARN,AUDIT,"/home/john/Documents/GitHub/TM-SGNL-Android/backup_telemessage_20250518_130837/app/src/tm/java/archiver/converter/SignalArchiveRecipientConverter.kt","FOUND","Remaining reference found"
2025-05-18 13:11:09,WARN,AUDIT,"/home/john/Documents/GitHub/TM-SGNL-Android/backup_telemessage_20250518_130837/app/src/tm/java/archiver/converter/SignalAttachmentConverter.kt","FOUND","Remaining reference found"
2025-05-18 13:11:09,WARN,AUDIT,"/home/john/Documents/GitHub/TM-SGNL-Android/backup_telemessage_20250518_130837/app/src/tm/java/archiver/converter/SignalCallInfoConverter.kt","FOUND","Remaining reference found"
2025-05-18 13:11:09,WARN,AUDIT,"/home/john/Documents/GitHub/TM-SGNL-Android/backup_telemessage_20250518_130837/app/src/tm/java/archiver/converter/SignalChatConverter.kt","FOUND","Remaining reference found"
2025-05-18 13:11:09,WARN,AUDIT,"/home/john/Documents/GitHub/TM-SGNL-Android/backup_telemessage_20250518_130837/app/src/tm/java/archiver/gcm/TeleMessageFcmReceiveService.kt","FOUND","Remaining reference found"
2025-05-18 13:11:09,WARN,AUDIT,"/home/john/Documents/GitHub/TM-SGNL-Android/backup_telemessage_20250518_130837/app/src/tm/java/archiver/data/TeleAttachmentTable.kt","FOUND","Remaining reference found"
2025-05-18 13:11:09,WARN,AUDIT,"/home/john/Documents/GitHub/TM-SGNL-Android/backup_telemessage_20250518_130837/app/src/tm/java/archiver/data/TeleMessageTable.kt","FOUND","Remaining reference found"
2025-05-18 13:11:09,WARN,AUDIT,"/home/john/Documents/GitHub/TM-SGNL-Android/backup_telemessage_20250518_130837/app/src/tm/java/archiver/model/Attachments.kt","FOUND","Remaining reference found"
2025-05-18 13:11:09,WARN,AUDIT,"/home/john/Documents/GitHub/TM-SGNL-Android/backup_telemessage_20250518_130837/app/src/tm/java/archiver/model/Messages.kt","FOUND","Remaining reference found"
2025-05-18 13:11:09,WARN,AUDIT,"/home/john/Documents/GitHub/TM-SGNL-Android/backup_telemessage_20250518_130837/app/src/tm/java/archiver/model/Recipients.kt","FOUND","Remaining reference found"
2025-05-18 13:11:09,WARN,AUDIT,"/home/john/Documents/GitHub/TM-SGNL-Android/backup_telemessage_20250518_130837/app/src/tm/java/archiver/model/SignalFiler.kt","FOUND","Remaining reference found"
2025-05-18 13:11:09,WARN,AUDIT,"/home/john/Documents/GitHub/TM-SGNL-Android/backup_telemessage_20250518_130837/app/src/tm/java/archiver/ArchiveFileUtil.java","FOUND","Remaining reference found"
2025-05-18 13:11:09,WARN,AUDIT,"/home/john/Documents/GitHub/TM-SGNL-Android/backup_telemessage_20250518_130837/app/src/tm/java/archiver/ArchiveSender.kt","FOUND","Remaining reference found"
2025-05-18 13:11:09,WARN,AUDIT,"/home/john/Documents/GitHub/TM-SGNL-Android/backup_telemessage_20250518_130837/app/src/tm/java/archiver/ArchiveUtil.kt","FOUND","Remaining reference found"
2025-05-18 13:11:09,WARN,AUDIT,"/home/john/Documents/GitHub/TM-SGNL-Android/backup_telemessage_20250518_130837/app/src/tm/java/archiver/FCMConnector.kt","FOUND","Remaining reference found"
2025-05-18 13:11:09,WARN,AUDIT,"/home/john/Documents/GitHub/TM-SGNL-Android/backup_telemessage_20250518_130837/app/src/tm/java/archiver/device/TeleMessageSignalCallManager.kt","FOUND","Remaining reference found"
2025-05-18 13:11:09,WARN,AUDIT,"/home/john/Documents/GitHub/TM-SGNL-Android/backup_telemessage_20250518_130837/app/src/tm/java/archiver/annotation/TeleMessageUnfinalize.kt","FOUND","Remaining reference found"
2025-05-18 13:11:09,WARN,AUDIT,"/home/john/Documents/GitHub/TM-SGNL-Android/backup_telemessage_20250518_130837/app/src/tm/java/archiver/di/TeleMessageApplicationDependencyProvider.kt","FOUND","Remaining reference found"
2025-05-18 13:11:09,WARN,AUDIT,"/home/john/Documents/GitHub/TM-SGNL-Android/backup_telemessage_20250518_130837/app/libs/common-debug.aar","FOUND","AAR file not removed"
2025-05-18 13:11:09,WARN,AUDIT,"/home/john/Documents/GitHub/TM-SGNL-Android/backup_telemessage_20250518_130837/app/libs/common-release.aar","FOUND","AAR file not removed"
2025-05-18 13:11:09,WARN,AUDIT,"all","WARNING","343 references found"
